Date,MSFT,INTC
3/01/2000,35.377,24.7107
4/01/2000,34.182,23.5568
5/01/2000,34.5424,23.752
6/01/2000,33.3853,22.3674
7/01/2000,33.8216,23.2905
10/01/2000,34.0682,24.3556
11/01/2000,33.1956,25.474
12/01/2000,32.1144,25.9178
13/01/2000,32.7214,25.8645
14/01/2000,34.0682,29.2729
18/01/2000,34.9976,29.0066
19/01/2000,32.4748,28.4208
20/01/2000,32.1713,27.1604
21/01/2000,31.4884,27.8172
24/01/2000,30.7296,28.0658
25/01/2000,31.2038,28.8468
26/01/2000,30.1606,27.4089
27/01/2000,29.9709,27.8705
28/01/2000,29.8191,26.6989
31/01/2000,29.7053,28.1013
1/02/2000,31.2418,28.8114
2/02/2000,30.5969,28.4208
3/02/2000,31.4504,29.6013
4/02/2000,32.342,29.7611
7/02/2000,32.361,30.6667
8/02/2000,33.3663,30.9153
9/02/2000,31.5643,29.7256
10/02/2000,32.1713,30.5779
11/02/2000,30.3313,30.0807
14/02/2000,30.2364,31.2172
15/02/2000,29.914,31.821
16/02/2000,29.6294,30.4537
17/02/2000,30.2364,31.2527
18/02/2000,28.8517,29.9387
22/02/2000,28.4723,30.3294
23/02/2000,28.6051,30.9864
24/02/2000,28.7569,32.4602
25/02/2000,27.7136,32.1761
28/02/2000,27.7894,31.9275
29/02/2000,27.1255,32.1051
1/03/2000,27.5618,32.9219
2/03/2000,28.3395,32.8864
3/03/2000,29.1742,33.8808
6/03/2000,27.5049,33.3481
7/03/2000,28.1878,32.8864
8/03/2000,29.0035,32.6555
9/03/2000,30.3503,33.6322
10/03/2000,30.6538,34.1472
13/03/2000,29.7432,34.6976
14/03/2000,28.8707,33.4901
15/03/2000,28.9466,34.1472
16/03/2000,28.9466,35.5322
17/03/2000,30.1606,36.8995
20/03/2000,29.5536,38.3556
21/03/2000,31.1849,39.3323
22/03/2000,31.3366,40.9304
23/03/2000,33.9543,40.522
24/03/2000,33.8974,39.5098
27/03/2000,31.5832,40.5397
28/03/2000,31.6591,38.5509
29/03/2000,32.5317,37.4678
30/03/2000,31.3746,36.0827
31/03/2000,32.2472,37.4855
3/04/2000,27.5808,37.1126
4/04/2000,26.879,37.7164
5/04/2000,26.215,36.8995
6/04/2000,26.1012,36.8818
7/04/2000,27.0307,38.8706
10/04/2000,26.1202,37.2547
11/04/2000,25.4563,37.1481
12/04/2000,24.0905,34.6266
13/04/2000,24.0526,34.4135
14/04/2000,22.4971,31.3948
17/04/2000,23.0283,34.9462
18/04/2000,24.4509,36.6509
19/04/2000,23.8819,33.8275
20/04/2000,23.9577,32.7798
24/04/2000,20.2209,32.9929
25/04/2000,21.0555,35.5145
26/04/2000,20.6382,34.3247
27/04/2000,21.1883,35.6033
28/04/2000,21.1693,36.0294
1/05/2000,22.2885,36.1182
2/05/2000,21.2072,34.4313
3/05/2000,21.4159,33.8359
4/05/2000,21.378,33.978
5/05/2000,21.5866,35.0615
8/05/2000,21.1883,33.4274
9/05/2000,20.5813,33.232
10/05/2000,20.0881,30.1415
11/05/2000,20.6002,32.8413
12/05/2000,20.8848,32.6814
15/05/2000,21.0555,33.5695
16/05/2000,21.0934,34.6352
17/05/2000,20.5433,35.0082
18/05/2000,20.0881,35.2213
19/05/2000,19.7466,33.4984
22/05/2000,19.4811,33.6405
23/05/2000,19.1776,31.2249
24/05/2000,19.8984,33.3563
25/05/2000,18.6654,32.7347
26/05/2000,18.6464,33.4096
30/05/2000,19.2345,35.7364
31/05/2000,18.9879,35.4344
1/06/2000,19.5949,36.8554
2/06/2000,20.126,38.1342
5/06/2000,20.2967,37.6724
6/06/2000,21.1314,36.8199
7/06/2000,21.3969,36.6422
8/06/2000,20.8848,35.8607
9/06/2000,20.8848,36.1094
12/06/2000,20.2967,35.541
13/06/2000,20.6002,37.3705
14/06/2000,21.3969,35.9318
15/06/2000,21.966,36.4468
16/06/2000,22.0229,35.8252
19/06/2000,22.3644,38.7914
20/06/2000,22.7437,39.3065
21/06/2000,24.4889,39.5019
22/06/2000,24.2423,38.0987
23/06/2000,23.5784,38.1875
26/06/2000,24.1285,38.1342
27/06/2000,23.9198,37.3349
28/06/2000,23.9577,37.6191
29/06/2000,23.4266,37.4415
30/06/2000,24.2802,37.9921
3/07/2000,24.2802,38.898
5/07/2000,23.8249,37.406
6/07/2000,24.5647,38.8269
7/07/2000,24.8872,39.5907
10/07/2000,24.1095,39.1644
11/07/2000,24.0146,39.4486
12/07/2000,24.375,40.1235
13/07/2000,24.2612,40.6919
14/07/2000,23.9577,41.6865
17/07/2000,23.7301,41.58
18/07/2000,23.8249,40.6386
19/07/2000,22.1936,39.2532
20/07/2000,22.7058,40.5498
21/07/2000,21.947,39.271
24/07/2000,21.4159,39.2177
25/07/2000,20.9417,40.0347
26/07/2000,20.5813,39.5019
27/07/2000,21.0555,38.9335
28/07/2000,21.1503,36.6955
31/07/2000,21.1883,37.9388
1/08/2000,20.8468,36.731
2/08/2000,21.0555,35.9851
3/08/2000,21.3211,36.9914
4/08/2000,20.9796,35.57
7/08/2000,21.2452,35.7832
8/08/2000,22.4971,35.037
9/08/2000,22.5351,36.1386
10/08/2000,22.0419,35.2502
11/08/2000,21.985,36.2807
14/08/2000,21.9091,38.0574
15/08/2000,21.7384,38.5904
16/08/2000,21.5487,38.697
17/08/2000,21.7194,39.8342
18/08/2000,21.5487,40.1184
21/08/2000,21.4349,40.9712
22/08/2000,21.6246,41.0068
23/08/2000,21.4728,42.4282
24/08/2000,21.5866,42.215
25/08/2000,21.4349,41.4687
28/08/2000,21.6435,42.0018
29/08/2000,21.5297,42.1084
30/08/2000,21.2452,41.7886
31/08/2000,21.1883,42.5703
1/09/2000,21.3021,42.0373
5/09/2000,21.2831,39.3722
6/09/2000,21.0745,37.3556
7/09/2000,21.2641,38.3417
8/09/2000,21.0365,37.1691
11/09/2000,20.8848,36.7782
12/09/2000,20.6761,36.9203
13/09/2000,20.714,34.8238
14/09/2000,19.9743,33.8999
15/09/2000,19.4811,32.7006
18/09/2000,19.1207,31.7323
19/09/2000,19.7277,34.3263
20/09/2000,19.5,35.8543
21/09/2000,19.4811,34.957
22/09/2000,19.1965,27.2549
25/09/2000,18.5895,25.798
26/09/2000,19.0258,24.6254
27/09/2000,18.3998,24.9452
28/09/2000,18.6085,25.265
29/09/2000,18.305,23.6304
2/10/2000,17.9446,22.8131
3/10/2000,17.1669,22.9197
4/10/2000,16.8254,23.8792
5/10/2000,16.8064,23.3106
6/10/2000,16.8634,22.7065
9/10/2000,16.446,22.2091
10/10/2000,16.5599,21.3562
11/10/2000,16.9203,20.1125
12/10/2000,16.503,21.1075
13/10/2000,16.3133,22.9553
16/10/2000,15.2889,20.2902
17/10/2000,15.3079,20.5745
18/10/2000,15.7063,21.7116
19/10/2000,18.7792,23.8436
20/10/2000,19.7846,24.4832
23/10/2000,18.8551,24.6254
24/10/2000,18.6654,23.8792
25/10/2000,18.5895,23.4883
26/10/2000,19.5569,25.4072
27/10/2000,20.5433,26.3666
30/10/2000,20.9606,25.5848
31/10/2000,20.9037,25.5848
1/11/2000,21.1314,25.5137
2/11/2000,21.34,26.5443
3/11/2000,20.714,26.129
6/11/2000,21.0934,26.4845
7/11/2000,21.3969,26.2712
8/11/2000,21.0745,24.2804
9/11/2000,21.5107,23.5339
10/11/2000,20.4485,21.0454
13/11/2000,20.1639,21.7209
14/11/2000,20.8848,23.2851
15/11/2000,21.2641,23.605
16/11/2000,20.9227,22.7518
17/11/2000,20.9606,23.605
20/11/2000,20.3916,23.3917
21/11/2000,20.5623,24.2449
22/11/2000,20.714,23.4272
24/11/2000,21.2262,24.9914
27/11/2000,21.4538,24.9914
28/11/2000,20.3347,23.9072
29/11/2000,19.7466,24.316
30/11/2000,17.4135,21.6498
1/12/2000,17.1858,19.4101
4/12/2000,17.1289,18.7347
5/12/2000,18.1722,20.4766
6/12/2000,17.2048,18.0593
7/12/2000,16.1236,18.3792
8/12/2000,16.5219,19.339
11/12/2000,17.6221,21.2943
12/12/2000,17.717,20.761
13/12/2000,17.3755,20.1922
14/12/2000,16.8444,19.9789
15/12/2000,14.9285,18.4503
18/12/2000,14.5112,18.9124
19/12/2000,13.6007,19.0191
20/12/2000,12.5954,18.1659
21/12/2000,13.1834,18.8414
22/12/2000,14.0939,18.7347
26/12/2000,14.2267,18.6992
27/12/2000,14.0939,18.5214
28/12/2000,13.5248,17.5971
29/12/2000,13.1644,17.0994
2/01/2001,13.1644,17.6682
3/01/2001,14.5491,19.4724
4/01/2001,14.7009,19.2235
5/01/2001,14.9096,18.237
8/01/2001,14.8527,18.1659
9/01/2001,15.7252,18.3436
10/01/2001,16.0477,18.7703
11/01/2001,16.6926,18.9835
12/01/2001,16.2374,18.2726
16/01/2001,15.9529,17.846
17/01/2001,16.0667,17.3483
18/01/2001,16.8444,18.3081
19/01/2001,18.5137,19.0902
22/01/2001,18.2481,18.9835
23/01/2001,18.3809,20.1211
24/01/2001,19.1017,20.6188
25/01/2001,18.7603,19.6234
26/01/2001,19.4242,20.4055
29/01/2001,19.5759,21.081
30/01/2001,19.2345,21.0454
31/01/2001,18.5326,21.0454
1/02/2001,18.931,21.5076
2/02/2001,18.4567,20.2989
5/02/2001,18.7982,19.7411
6/02/2001,18.9879,20.168
7/02/2001,19.6328,19.8834
8/02/2001,18.893,19.7056
9/02/2001,17.9446,19.0653
12/02/2001,17.8308,19.67
13/02/2001,17.6601,18.4606
14/02/2001,17.717,19.421
15/02/2001,17.8498,20.3814
16/02/2001,17.3945,19.5633
20/02/2001,16.9582,17.8915
21/02/2001,17.072,17.5003
22/02/2001,16.7495,17.0734
23/02/2001,17.2238,17.0379
26/02/2001,18.0774,16.7889
27/02/2001,18.0205,16.5043
28/02/2001,17.9067,16.2553
1/03/2001,18.0157,16.5755
2/03/2001,17.2048,16.6822
5/03/2001,17.4324,17.2868
6/03/2001,18.0394,17.9271
7/03/2001,18.4188,18.7452
8/03/2001,17.9825,18.923
9/03/2001,17.2048,16.7533
12/03/2001,15.7632,15.7929
13/03/2001,16.446,16.7177
14/03/2001,16.3891,16.5399
15/03/2001,16.2943,16.2197
16/03/2001,16.5599,15.8641
19/03/2001,16.484,15.4017
20/03/2001,15.9908,14.0144
21/03/2001,15.1941,14.548
22/03/2001,16.3891,16.3265
23/03/2001,17.1669,16.3976
26/03/2001,17.0151,16.113
27/03/2001,17.679,16.7177
28/03/2001,16.8634,15.3305
29/03/2001,16.8064,15.1171
30/03/2001,16.5978,14.9748
2/04/2001,16.9392,14.6814
3/04/2001,16.1994,14.2279
4/04/2001,15.7632,12.8762
5/04/2001,17.2238,14.5835
6/04/2001,17.053,13.4453
9/04/2001,17.3452,13.2035
10/04/2001,18.113,14.097
11/04/2001,18.2223,15.662
12/04/2001,18.8718,16.0035
16/04/2001,18.4499,14.9677
17/04/2001,18.6593,14.8197
18/04/2001,19.8582,17.8019
19/04/2001,20.6503,18.4905
20/04/2001,20.9417,18.4564
23/04/2001,20.714,17.2556
24/04/2001,20.5016,16.584
25/04/2001,21.1511,16.5214
26/04/2001,20.9811,16.2994
27/04/2001,20.3711,17.1759
30/04/2001,20.5623,17.5913
1/05/2001,21.2968,17.745
2/05/2001,21.1723,18.1775
3/05/2001,20.799,17.3119
4/05/2001,21.4728,17.5853
7/05/2001,21.664,17.7447
8/05/2001,21.8704,17.9269
9/05/2001,21.3666,17.0443
10/05/2001,21.2452,16.5204
11/05/2001,21.0631,15.911
14/05/2001,20.8567,15.6092
15/05/2001,20.7201,15.4896
16/05/2001,20.9902,16.1502
17/05/2001,20.6898,16.2869
18/05/2001,20.6655,16.378
21/05/2001,20.8779,17.0272
22/05/2001,21.3393,16.8165
23/05/2001,21.1541,16.4008
24/05/2001,21.7672,16.6343
25/05/2001,21.5214,16.5716
29/05/2001,21.3484,15.8598
30/05/2001,20.9993,15.1479
31/05/2001,20.9963,15.3814
1/06/2001,21.3484,16.3666
4/06/2001,21.4819,16.2299
5/06/2001,22.0343,16.9304
6/06/2001,21.9614,16.9816
7/06/2001,22.3621,17.7333
8/06/2001,22.2134,17.4657
11/06/2001,21.8886,17.2721
12/06/2001,21.8765,17.1582
13/06/2001,21.4546,16.5488
14/06/2001,20.9113,15.7231
15/06/2001,20.6442,15.763
18/06/2001,20.2983,15.6889
19/06/2001,20.4318,15.1878
20/06/2001,21.0661,15.6548
21/06/2001,21.1966,15.5295
22/06/2001,20.8901,15.6661
25/06/2001,20.8961,16.2755
26/06/2001,21.2877,16.4976
27/06/2001,21.5912,16.3153
28/06/2001,22.0768,16.8791
29/06/2001,22.1557,16.657
2/07/2001,21.4273,17.1183
3/07/2001,21.3878,17.3461
5/07/2001,20.793,16.993
6/07/2001,20.0494,16.1901
9/07/2001,19.9371,16.4577
10/07/2001,19.5698,15.8256
11/07/2001,20.1829,15.9794
12/07/2001,21.7308,17.1411
13/07/2001,21.6519,17.1923
16/07/2001,21.6033,16.5887
17/07/2001,21.7975,17.0272
18/07/2001,21.4182,16.452
19/07/2001,22.0252,17.0613
20/07/2001,20.9963,17.0443
23/07/2001,20.362,16.5147
24/07/2001,20.1283,16.4463
25/07/2001,20.4804,16.7538
26/07/2001,20.2102,16.9588
27/07/2001,19.8703,16.6399
30/07/2001,19.9705,16.5374
31/07/2001,20.0888,16.9759
1/08/2001,20.1738,17.5112
2/08/2001,20.4712,18.2857
3/08/2001,20.3013,18.0521
6/08/2001,20.0706,17.2543
7/08/2001,20.1374,17.4481
8/08/2001,19.6852,16.8725
9/08/2001,19.7307,16.8953
10/08/2001,19.8855,17.0663
13/08/2001,19.9796,17.4139
14/08/2001,19.6336,17.2942
15/08/2001,19.1814,16.9694
16/08/2001,19.6123,17.1859
17/08/2001,18.7807,15.995
20/08/2001,19.0296,16.0691
21/08/2001,18.4469,15.4252
22/08/2001,18.4105,15.9323
23/08/2001,17.9431,15.7671
24/08/2001,18.8323,16.5705
27/08/2001,18.9112,16.6104
28/08/2001,18.4347,16.2457
29/08/2001,18.286,16.0121
30/08/2001,17.2814,15.4594
31/08/2001,17.3148,15.9323
4/09/2001,17.0265,15.2998
5/09/2001,17.5242,15.6531
6/09/2001,17.0022,14.8725
7/09/2001,16.814,14.7528
10/09/2001,17.4757,14.8554
17/09/2001,16.0583,13.4422
18/09/2001,16.4863,13.3738
19/09/2001,16.3497,12.6957
20/09/2001,15.4058,11.7783
21/09/2001,15.0871,10.9976
24/09/2001,15.7852,12.143
25/09/2001,15.5697,12.3538
26/09/2001,15.2571,11.9094
27/09/2001,15.163,11.7099
28/09/2001,15.5302,11.6472
1/10/2001,15.7184,11.4022
2/10/2001,16.1008,11.1344
3/10/2001,17.066,12.0974
4/10/2001,17.1297,12.2797
5/10/2001,17.5182,12.5134
8/10/2001,17.6153,12.6729
9/10/2001,16.5591,12.2228
10/10/2001,16.8474,13.1402
11/10/2001,17.0933,13.9664
12/10/2001,17.1115,14.257
15/10/2001,17.6214,13.8924
16/10/2001,17.7397,14.2229
17/10/2001,17.0052,14.0006
18/10/2001,17.2238,13.7043
19/10/2001,17.5728,13.7613
22/10/2001,18.2587,14.4166
23/10/2001,18.3407,14.2456
24/10/2001,18.6108,14.5192
25/10/2001,18.9871,14.8725
26/10/2001,18.8779,14.7357
29/10/2001,18.1009,13.7784
30/10/2001,17.8702,13.4137
31/10/2001,17.6487,13.9152
1/11/2001,18.7686,14.7813
2/11/2001,18.6351,14.9864
5/11/2001,19.2026,15.3742
6/11/2001,19.6609,16.1098
7/11/2001,19.5,16.1326
8/11/2001,19.5516,16.1269
9/11/2001,19.7914,15.8988
12/11/2001,19.9674,16.184
13/11/2001,20.6078,17.1363
14/11/2001,20.016,17.8605
15/11/2001,20.0676,17.5526
16/11/2001,19.9553,17.467
19/11/2001,20.1951,17.6723
20/11/2001,19.8491,17.0793
21/11/2001,19.4393,17.5697
23/11/2001,19.6397,17.7123
26/11/2001,19.7702,18.1742
27/11/2001,19.3453,18.4251
28/11/2001,19.06,18.1114
29/11/2001,19.6791,18.4308
30/11/2001,19.4879,18.6247
3/12/2001,19.6579,18.2711
4/12/2001,20.0312,18.7387
5/12/2001,20.6685,19.7367
6/12/2001,20.8354,19.4801
7/12/2001,20.5866,18.9554
10/12/2001,20.3529,18.7901
11/12/2001,20.4318,18.9269
12/12/2001,20.623,19.4344
13/12/2001,20.1131,18.5734
14/12/2001,20.4682,18.9725
17/12/2001,20.9356,19.3717
18/12/2001,21.0236,19.2805
19/12/2001,21.0904,18.8471
20/12/2001,20.2618,18.2369
21/12/2001,20.4986,18.4821
24/12/2001,20.4166,18.2597
26/12/2001,20.541,18.4137
27/12/2001,20.5926,18.6304
28/12/2001,20.5987,18.3852
31/12/2001,20.107,17.9347
2/01/2002,20.3468,18.8186
3/01/2002,21.0115,20.2556
4/01/2002,20.9113,20.4096
7/01/2002,20.8081,20.1131
8/01/2002,21.057,20.2898
9/01/2002,20.8537,20.1644
10/01/2002,21.0267,19.7595
11/01/2002,20.8233,19.7025
14/01/2002,20.7808,19.8678
15/01/2002,21.1086,19.7766
16/01/2002,20.5987,19.2234
17/01/2002,21.2027,19.6911
18/01/2002,20.0615,19.0923
22/01/2002,19.5638,18.0772
23/01/2002,19.3453,18.5049
24/01/2002,19.6063,18.9326
25/01/2002,19.3635,19.2063
28/01/2002,19.3695,19.3432
29/01/2002,18.9143,18.6361
30/01/2002,19.0751,19.309
31/01/2002,19.3361,19.9819
1/02/2002,19.0175,19.7709
4/02/2002,18.5501,19.3774
5/02/2002,18.5592,19.2861
6/02/2002,18.3316,18.784
7/02/2002,18.1494,18.4359
8/02/2002,18.4074,18.5558
11/02/2002,18.5531,19.1549
12/02/2002,18.2526,18.8125
13/02/2002,18.7625,19.0465
14/02/2002,18.72,19.0236
15/02/2002,18.28,18.4245
19/02/2002,17.8854,17.8825
20/02/2002,18.1798,17.9395
21/02/2002,17.6183,16.8212
22/02/2002,17.6001,16.8497
25/02/2002,17.9309,17.6999
26/02/2002,17.7701,17.1293
27/02/2002,17.7215,17.0551
28/02/2002,17.7063,16.2905
1/03/2002,18.626,17.677
4/03/2002,19.2117,18.1735
5/03/2002,19.1449,18.6585
6/03/2002,19.3119,18.8068
7/03/2002,19.0357,18.8182
8/03/2002,19.409,19.4972
11/03/2002,19.5274,19.0693
12/03/2002,18.981,18.8239
13/03/2002,18.8475,17.8825
14/03/2002,18.5804,17.6713
15/03/2002,18.9659,18.1107
18/03/2002,18.8597,18.0422
19/03/2002,18.887,18.0993
20/03/2002,18.2405,17.4203
21/03/2002,18.6229,17.9167
22/03/2002,18.3467,17.4545
25/03/2002,17.9765,17.1179
26/03/2002,17.9309,17.5572
27/03/2002,18.0402,17.3518
28/03/2002,18.3042,17.3518
1/04/2002,18.3255,17.7855
2/04/2002,17.3846,17.135
3/04/2002,17.0963,17.0437
4/04/2002,17.1327,17.4545
5/04/2002,16.9567,17.1464
8/04/2002,17.3664,17.0779
9/04/2002,16.6532,16.2391
10/04/2002,17.0872,16.6956
11/04/2002,16.6289,16.513
12/04/2002,16.9749,16.1992
15/04/2002,16.9021,16.0394
16/04/2002,17.5455,16.8383
17/04/2002,17.1873,17.483
18/04/2002,17.1084,17.3746
19/04/2002,17.3603,17.1749
22/04/2002,16.8717,17.1521
23/04/2002,16.3861,16.8554
24/04/2002,16.0917,16.4959
25/04/2002,16.3072,16.5986
26/04/2002,15.6304,16.0451
29/04/2002,15.855,15.9995
30/04/2002,15.861,16.3247
1/05/2002,16.0098,16.3361
2/05/2002,15.5424,15.9025
3/05/2002,15.0416,15.1659
6/05/2002,14.7563,14.7205
7/05/2002,15.0143,14.9318
8/05/2002,16.6835,16.5477
9/05/2002,15.8186,16.1252
10/05/2002,15.1903,15.4228
13/05/2002,15.9915,16.2851
14/05/2002,16.6562,17.2158
15/05/2002,16.6168,17.2672
16/05/2002,16.9172,17.5698
17/05/2002,17.0052,17.8154
20/05/2002,16.3922,17.2386
21/05/2002,15.8398,16.5991
22/05/2002,16.2951,16.896
23/05/2002,16.638,16.7818
24/05/2002,16.1645,16.365
28/05/2002,15.8792,16.188
29/05/2002,15.7973,15.5713
30/05/2002,15.9764,15.657
31/05/2002,15.4513,15.7712
3/06/2002,14.9991,15.2002
4/06/2002,15.1691,15.7026
5/06/2002,15.6789,16.0909
6/06/2002,15.7518,15.4171
7/06/2002,15.7761,12.5621
10/06/2002,16.031,12.0311
11/06/2002,15.9551,11.5457
12/06/2002,16.8565,12.3223
13/06/2002,16.4559,12.0539
14/06/2002,16.7685,12.151
17/06/2002,16.899,12.8819
18/06/2002,16.9931,12.5735
19/06/2002,16.4984,11.4715
20/06/2002,16.4195,10.9861
21/06/2002,15.8671,10.6949
24/06/2002,16.4377,11.0375
25/06/2002,16.0705,10.4608
26/06/2002,16.4286,10.6264
27/06/2002,16.6684,10.6492
28/06/2002,16.6016,10.4323
1/07/2002,15.9824,10.0154
2/07/2002,15.6122,9.4616
3/07/2002,15.7336,10.1353
5/07/2002,16.6471,11.1574
8/07/2002,16.0614,10.5636
9/07/2002,16.1494,10.2553
10/07/2002,15.855,9.5986
11/07/2002,16.0583,10.4208
12/07/2002,15.7396,10.2724
15/07/2002,15.7214,10.9176
16/07/2002,15.5545,10.4837
17/07/2002,15.7821,11.1003
18/07/2002,15.512,10.9576
19/07/2002,15.0416,10.6492
22/07/2002,14.4194,10.4265
23/07/2002,13.0536,10.1696
24/07/2002,14.0309,10.6778
25/07/2002,12.999,9.9812
26/07/2002,13.7638,10.1696
29/07/2002,14.644,10.7863
30/07/2002,14.5985,10.832
31/07/2002,14.5621,10.7292
1/08/2002,13.8852,10.0268
2/08/2002,13.4786,9.5415
5/08/2002,13.3511,9.0784
6/08/2002,13.861,9.793
7/08/2002,14.2919,10.1303
8/08/2002,14.8443,10.5077
9/08/2002,14.6045,10.2104
12/08/2002,14.7108,10.0217
13/08/2002,14.2828,9.5472
14/08/2002,15.0871,10.4562
15/08/2002,15.1053,10.6391
16/08/2002,15.1751,10.7192
19/08/2002,15.7821,11.1251
20/08/2002,15.4908,10.8449
21/08/2002,15.8671,11.1994
22/08/2002,16.1554,10.9478
23/08/2002,15.8489,10.2675
26/08/2002,15.8125,10.3647
27/08/2002,15.4301,9.8216
28/08/2002,14.987,9.6272
29/08/2002,15.3512,9.7988
30/08/2002,14.8959,9.5301
3/09/2002,14.2707,9.067
4/09/2002,14.6319,9.2099
5/09/2002,13.9338,8.6382
6/09/2002,14.5135,9.2728
9/09/2002,14.7806,9.1928
10/09/2002,15.1114,9.4157
11/09/2002,14.7442,9.5015
12/09/2002,14.3101,8.9755
13/09/2002,14.5408,9.1642
16/09/2002,14.5014,8.9755
17/09/2002,14.3526,8.9012
18/09/2002,14.4923,8.7354
19/09/2002,14.3253,8.5639
20/09/2002,14.4042,8.5182
23/09/2002,13.7274,8.078
24/09/2002,13.8519,8.198
25/09/2002,14.1159,8.6897
26/09/2002,14.0218,8.6611
27/09/2002,13.7335,8.3581
30/09/2002,13.2752,7.9408
1/10/2002,14.0309,8.3867
2/10/2002,13.8428,8.1752
3/10/2002,13.5969,7.9122
4/10/2002,13.2843,7.8379
7/10/2002,13.3693,7.9007
8/10/2002,13.6546,7.5577
9/10/2002,13.3511,7.6949
10/10/2002,14.0765,8.1066
11/10/2002,14.8322,8.7011
14/10/2002,14.9596,8.6325
15/10/2002,15.8701,9.4443
16/10/2002,15.2996,7.7407
17/10/2002,15.4088,8.1351
18/10/2002,16.1312,8.2666
21/10/2002,15.9369,8.8326
22/10/2002,15.682,8.6439
23/10/2002,16.1463,9.2385
24/10/2002,15.5484,8.9355
25/10/2002,15.9885,9.4843
28/10/2002,15.767,9.6101
29/10/2002,15.8034,9.3757
30/10/2002,16.119,9.713
31/10/2002,16.2283,9.8902
1/11/2002,16.0856,10.4619
4/11/2002,17.0265,10.7306
5/11/2002,17.2025,10.5017
6/11/2002,17.3088,10.9595
7/11/2002,16.9992,10.5532
8/11/2002,16.723,10.3872
11/11/2002,16.3466,9.9237
12/11/2002,16.5439,10.1812
13/11/2002,16.8019,10.3701
14/11/2002,17.2966,10.9939
15/11/2002,17.2056,10.7592
18/11/2002,16.9506,10.6161
19/11/2002,16.6501,10.3872
20/11/2002,17.1843,10.9595
21/11/2002,17.5546,11.5662
22/11/2002,17.6699,11.4746
25/11/2002,17.673,11.7207
26/11/2002,17.2693,11.5604
27/11/2002,17.6274,11.9611
29/11/2002,17.506,11.9496
2/12/2002,17.5091,12.0469
3/12/2002,17.2116,11.6234
4/12/2002,17.16,11.2571
5/12/2002,16.7958,10.8508
6/12/2002,16.8353,10.7077
9/12/2002,16.2465,10.1182
10/12/2002,16.3922,10.3758
11/12/2002,16.5894,10.393
12/12/2002,16.4407,10.4101
13/12/2002,15.9339,10.061
16/12/2002,16.5348,10.4273
17/12/2002,16.4984,10.2384
18/12/2002,16.2465,9.8035
19/12/2002,16.119,9.7291
20/12/2002,16.0978,9.7348
23/12/2002,16.3891,9.8493
24/12/2002,16.3345,9.6032
26/12/2002,16.204,9.5517
27/12/2002,16.0765,9.3857
30/12/2002,16.0098,9.0194
31/12/2002,15.6911,8.9107
2/01/2003,16.3042,9.5517
3/01/2003,16.3254,9.4658
6/01/2003,16.6228,9.8321
7/01/2003,16.9354,9.9351
8/01/2003,16.462,9.5459
9/01/2003,16.9385,9.7634
10/01/2003,16.9719,9.9695
13/01/2003,17.1145,9.9466
14/01/2003,17.2905,10.1812
15/01/2003,17.0781,9.9294
16/01/2003,16.7989,9.8435
17/01/2003,15.6182,9.3514
21/01/2003,15.5788,9.3228
22/01/2003,15.4786,9.2999
23/01/2003,15.8671,9.5402
24/01/2003,15.1296,9.0709
27/01/2003,14.9232,9.0881
28/01/2003,14.817,9.174
29/01/2003,15.1478,9.5345
30/01/2003,14.641,9.0309
31/01/2003,14.4042,8.9622
3/02/2003,14.7381,9.0309
4/02/2003,14.3617,8.9508
5/02/2003,14.2525,8.9278
6/02/2003,14.3921,8.8304
7/02/2003,14.1371,8.6241
10/02/2003,14.38,8.7502
11/02/2003,14.0947,8.7903
12/02/2003,14.0947,8.6814
13/02/2003,14.2616,8.8992
14/02/2003,14.6592,9.2545
18/02/2003,15.1508,9.5868
19/02/2003,14.9377,9.6155
20/02/2003,14.7002,9.7186
21/02/2003,14.9986,9.6212
24/02/2003,14.6576,9.4779
25/02/2003,14.7307,9.5868
26/02/2003,14.3775,9.306
27/02/2003,14.3592,9.5696
28/02/2003,14.4323,9.8848
3/03/2003,14.3348,9.5467
4/03/2003,14.0486,9.5238
5/03/2003,14.2739,9.7301
6/03/2003,14.1704,9.5467
7/03/2003,14.347,9.1742
10/03/2003,13.9756,9.1112
11/03/2003,13.8842,9.0826
12/03/2003,14.2435,9.2659
13/03/2003,15.023,9.9421
14/03/2003,15.1387,9.839
17/03/2003,15.7902,10.349
18/03/2003,15.8572,10.4578
19/03/2003,16.0277,10.3031
20/03/2003,15.9851,10.4693
21/03/2003,16.18,10.8418
24/03/2003,15.4005,10.2114
25/03/2003,15.5223,10.3375
26/03/2003,15.3762,10.2515
27/03/2003,15.2483,10.0739
28/03/2003,15.023,9.8676
31/03/2003,14.7428,9.329
1/04/2003,14.8281,9.4092
2/04/2003,15.6624,10.0395
3/04/2003,15.6685,10.0682
4/04/2003,15.2787,9.7702
7/04/2003,15.3274,9.9421
8/04/2003,15.5771,9.7988
9/04/2003,14.9621,9.5582
10/04/2003,14.9742,9.6728
11/04/2003,14.7368,9.5925
14/04/2003,15.0778,9.8332
15/04/2003,14.9803,9.816
16/04/2003,15.1752,10.4063
17/04/2003,15.5284,10.6928
21/04/2003,15.3518,10.687
22/04/2003,15.6867,10.8876
23/04/2003,15.6624,11.1627
24/04/2003,15.5223,10.859
25/04/2003,15.3579,10.475
28/04/2003,15.6745,10.7443
29/04/2003,15.7111,10.8418
30/04/2003,15.571,10.5438
1/05/2003,15.6624,10.6183
2/05/2003,15.8938,10.9048
5/05/2003,15.7476,10.9105
6/05/2003,16.0582,11.2031
7/05/2003,15.8268,11.0138
8/05/2003,15.6745,10.8245
9/05/2003,16.0521,11.2318
12/05/2003,15.9547,11.467
13/05/2003,15.8268,11.3752
14/05/2003,15.6015,11.2777
15/05/2003,15.705,11.4727
16/05/2003,15.571,11.1859
19/05/2003,15.0778,10.7098
20/05/2003,14.9986,10.704
21/05/2003,14.6332,10.8073
22/05/2003,14.7124,10.7671
23/05/2003,14.7489,10.7901
27/05/2003,15.096,11.3465
28/05/2003,14.8646,11.3235
29/05/2003,14.8585,11.9488
30/05/2003,14.9864,11.9431
2/06/2003,15.0047,11.6907
3/06/2003,15.1508,12.1037
4/06/2003,15.1448,12.2643
5/06/2003,14.6698,12.5282
6/06/2003,14.414,12.4823
9/06/2003,14.4627,12.4307
10/06/2003,15.0291,12.6028
11/06/2003,15.1508,12.5569
12/06/2003,15.2178,12.7003
13/06/2003,15.0108,12.2528
16/06/2003,15.4614,12.5454
17/06/2003,15.8085,12.3045
18/06/2003,15.8755,12.4766
19/06/2003,15.8755,12.1152
20/06/2003,16.0338,11.857
23/06/2003,15.6989,11.6792
24/06/2003,15.6502,11.7308
25/06/2003,15.3822,11.4956
26/06/2003,15.6806,11.8341
27/06/2003,15.6076,11.7997
30/06/2003,15.6137,11.9373
1/07/2003,15.9242,12.2815
2/07/2003,16.3688,12.7404
3/07/2003,16.1374,12.4593
7/07/2003,16.6976,13.142
8/07/2003,16.8681,13.2796
9/07/2003,16.728,13.4689
10/07/2003,16.387,13.142
11/07/2003,16.6306,13.3886
14/07/2003,16.6854,13.7787
15/07/2003,16.6063,13.8246
16/07/2003,16.7585,14.5187
17/07/2003,16.2531,14.3007
18/07/2003,16.3749,14.1458
21/07/2003,15.8572,13.8016
22/07/2003,16.0643,14.0082
23/07/2003,16.1069,14.2319
24/07/2003,15.8329,13.75
25/07/2003,16.3749,14.2892
28/07/2003,16.2043,14.2032
29/07/2003,16.1191,14.2835
30/07/2003,15.9729,14.0483
31/07/2003,16.0826,14.2778
1/08/2003,15.9364,14.3523
4/08/2003,15.9425,14.4154
5/08/2003,15.6258,13.9332
6/08/2003,15.6197,13.8586
7/08/2003,15.6563,13.7725
8/08/2003,15.5771,13.5371
11/08/2003,15.5954,13.7208
12/08/2003,15.6685,13.9906
13/08/2003,15.5893,14.1858
14/08/2003,15.6076,14.4327
15/08/2003,15.5528,14.381
18/08/2003,15.6502,15.0355
19/08/2003,16.2104,15.1962
20/08/2003,16.1069,15.1331
21/08/2003,15.979,15.1503
22/08/2003,15.9669,15.7244
25/08/2003,16.1374,15.6383
26/08/2003,16.18,15.9081
27/08/2003,16.0886,16.086
28/08/2003,16.1434,16.2468
29/08/2003,16.1495,16.4133
2/09/2003,16.6002,16.4994
3/09/2003,17.2335,16.2009
4/09/2003,17.3126,16.419
5/09/2003,17.2822,16.4822
8/09/2003,17.5623,16.752
9/09/2003,17.2761,16.5281
10/09/2003,16.7768,15.8794
11/09/2003,16.9534,16.0918
12/09/2003,17.2578,16.2698
15/09/2003,17.27,16.0688
16/09/2003,17.5989,16.597
17/09/2003,17.3553,16.5798
18/09/2003,17.9642,16.7405
19/09/2003,18.2443,16.7463
22/09/2003,17.7024,16.3731
23/09/2003,18.0251,16.6142
24/09/2003,17.3309,15.9483
25/09/2003,17.1969,15.7588
26/09/2003,17.1665,15.6555
29/09/2003,17.5562,16.287
30/09/2003,16.929,15.799
1/10/2003,17.3674,16.4362
2/10/2003,17.3553,16.4305
3/10/2003,17.7085,16.9989
6/10/2003,17.7754,16.9702
7/10/2003,17.745,17.194
8/10/2003,17.5501,17.0333
9/10/2003,17.6232,17.0907
10/10/2003,17.6049,17.4696
13/10/2003,17.5258,17.682
14/10/2003,17.4649,17.8428
15/10/2003,17.8017,18.2331
16/10/2003,17.8997,18.503
17/10/2003,17.716,18.1757
20/10/2003,17.9732,18.4628
21/10/2003,17.9732,18.4398
22/10/2003,17.6915,18.0954
23/10/2003,17.7037,17.9231
24/10/2003,16.2952,17.8428
27/10/2003,16.479,18.038
28/10/2003,16.6566,18.7556
29/10/2003,16.3749,18.8302
30/10/2003,15.9952,18.8819
31/10/2003,16.0074,18.9163
3/11/2003,16.3381,19.5421
4/11/2003,15.9646,19.3354
5/11/2003,15.9829,19.3814
6/11/2003,16.0625,19.5996
7/11/2003,15.9829,19.456
10/11/2003,15.9217,19.1803
11/11/2003,15.7992,19.1918
12/11/2003,15.9095,19.5882
13/11/2003,15.7319,19.4043
14/11/2003,15.6155,18.8414
17/11/2003,15.4012,18.514
18/11/2003,15.4012,18.2899
19/11/2003,15.5237,18.6806
20/11/2003,15.3706,18.2842
21/11/2003,15.3767,18.5657
24/11/2003,15.7564,19.2205
25/11/2003,15.5543,18.9965
26/11/2003,15.5849,19.1573
28/11/2003,15.7441,19.2665
1/12/2003,15.8237,19.5537
2/12/2003,15.7135,19.4445
3/12/2003,15.7196,19.1516
4/12/2003,16.0442,19.2665
5/12/2003,15.9095,18.4393
8/12/2003,16.0687,18.1751
9/12/2003,16.1544,17.3766
10/12/2003,16.283,17.4743
11/12/2003,16.2952,17.7557
12/12/2003,16.3197,17.727
15/12/2003,16.3749,17.3708
16/12/2003,16.5708,17.3823
17/12/2003,16.5586,17.3306
18/12/2003,16.779,17.75
19/12/2003,16.7545,17.5604
22/12/2003,16.6443,17.4743
23/12/2003,16.6259,17.8706
24/12/2003,16.5586,17.8534
26/12/2003,16.6627,18.0142
29/12/2003,16.8158,18.468
30/12/2003,16.8525,18.4048
31/12/2003,16.7607,18.4106
2/01/2004,16.8096,18.4738
5/01/2004,17.2322,18.9046
6/01/2004,17.2934,18.8988
7/01/2004,17.275,19.525
8/01/2004,17.2444,19.6686
9/01/2004,16.9382,19.5135
12/01/2004,16.8831,19.6169
13/01/2004,16.7974,19.2952
14/01/2004,16.9627,19.1803
15/01/2004,16.8648,18.9908
16/01/2004,17.0301,18.8931
20/01/2004,17.2077,18.7323
21/01/2004,17.3302,18.4967
22/01/2004,17.1526,18.1693
23/01/2004,17.4404,18.2382
26/01/2004,17.6363,18.6289
27/01/2004,17.2995,18.1693
28/01/2004,16.9689,18.0257
29/01/2004,17.0913,17.7442
30/01/2004,16.9321,17.5317
2/02/2004,16.779,17.4168
3/02/2004,16.7117,18.0372
4/02/2004,16.5402,17.2665
5/02/2004,16.5096,17.209
6/02/2004,16.5831,17.7611
9/02/2004,16.4728,17.5828
10/02/2004,16.5463,17.5656
11/02/2004,16.6259,17.8244
12/02/2004,16.5035,17.6806
13/02/2004,16.283,17.3355
17/02/2004,16.528,17.7208
18/02/2004,16.3932,17.6001
19/02/2004,16.2034,17.1917
20/02/2004,16.2708,17.255
23/02/2004,16.2952,16.6798
24/02/2004,16.4606,16.7948
25/02/2004,16.3504,17.0364
26/02/2004,16.2279,16.9674
27/02/2004,16.2463,16.7948
1/03/2004,16.3504,17.0767
2/03/2004,16.1605,17.0249
3/03/2004,16.1483,16.7028
4/03/2004,16.1483,17.0537
5/03/2004,16.136,16.651
8/03/2004,15.8176,15.9321
9/03/2004,15.7502,16.0931
10/03/2004,15.5359,15.7078
11/03/2004,15.3644,15.5755
12/03/2004,15.542,15.9263
15/03/2004,15.4073,15.587
16/03/2004,15.4195,15.6215
17/03/2004,15.3889,15.9839
18/03/2004,15.242,15.6445
19/03/2004,15.0828,15.2361
22/03/2004,15.0031,15.0866
23/03/2004,14.7888,15.0463
24/03/2004,14.948,15.2591
25/03/2004,15.4257,15.9839
26/03/2004,15.3277,15.748
29/03/2004,15.4992,15.9263
30/03/2004,15.4318,15.7768
31/03/2004,15.2665,15.6445
1/04/2004,15.3583,15.748
2/04/2004,15.8298,16.1737
5/04/2004,15.8911,16.421
6/04/2004,15.7992,16.2599
7/04/2004,15.6706,15.8861
8/04/2004,15.6033,15.7423
12/04/2004,15.6829,15.8746
13/04/2004,15.5849,15.9148
14/04/2004,15.6216,15.7423
15/04/2004,15.4441,15.3339
16/04/2004,15.4073,15.2131
19/04/2004,15.6339,15.3454
20/04/2004,15.5114,14.9946
21/04/2004,15.5849,15.1153
22/04/2004,15.8911,15.2534
23/04/2004,16.8648,15.8343
26/04/2004,16.681,15.6157
27/04/2004,16.6688,15.4604
28/04/2004,16.2646,15.1556
29/04/2004,16.2156,15.0291
30/04/2004,16.0013,14.799
3/05/2004,16.136,14.9773
4/05/2004,16.1238,15.1153
5/05/2004,16.1054,15.0923
6/05/2004,15.9952,14.9656
7/05/2004,15.787,15.2478
10/05/2004,15.8788,15.2939
11/05/2004,15.885,15.9967
12/05/2004,15.885,15.8815
13/05/2004,15.9829,15.8066
14/05/2004,15.836,15.5762
17/05/2004,15.64,15.461
18/05/2004,15.8176,15.6395
19/05/2004,15.689,15.6165
20/05/2004,15.7564,15.7893
21/05/2004,15.8543,15.87
24/05/2004,15.7747,15.9794
25/05/2004,15.9829,16.1868
26/05/2004,16.0074,16.3423
27/05/2004,16.0381,16.3884
28/05/2004,16.0625,16.446
1/06/2004,15.9891,16.3193
2/06/2004,16.0013,16.1349
3/06/2004,15.8543,15.7893
4/06/2004,15.8911,16.2098
7/06/2004,16.185,16.5612
8/06/2004,16.2891,16.6995
9/06/2004,16.2095,16.3596
10/06/2004,16.3932,16.4979
14/06/2004,16.4728,16.1234
15/06/2004,16.7851,16.3769
16/06/2004,16.73,16.1983
17/06/2004,17.0056,15.916
18/06/2004,17.3608,15.9218
21/06/2004,17.3608,15.8527
22/06/2004,17.324,16.1522
23/06/2004,17.3302,16.4287
24/06/2004,17.3853,16.1004
25/06/2004,17.4955,16.0024
28/06/2004,17.3179,15.772
29/06/2004,17.4526,15.8988
30/06/2004,17.4894,15.8988
1/07/2004,17.5322,15.5647
2/07/2004,17.4955,15.1672
6/07/2004,17.1587,15.0405
7/07/2004,17.2077,15.173
8/07/2004,16.926,15.1038
9/07/2004,17.0607,15.3054
12/07/2004,17.0791,15.1153
13/07/2004,16.9015,15.0577
14/07/2004,17.2261,13.4679
15/07/2004,17.0668,13.3354
16/07/2004,16.828,13.0934
19/07/2004,17.1158,13.1971
20/07/2004,17.3424,13.3872
21/07/2004,17.6731,12.9955
22/07/2004,17.7588,13.4045
23/07/2004,17.1648,13.0589
26/07/2004,17.5506,13.2317
27/07/2004,17.4159,13.4045
28/07/2004,17.5016,13.514
29/07/2004,17.4404,13.9633
30/07/2004,17.4465,14.0439
2/08/2004,17.4649,14.3434
3/08/2004,17.1893,13.9229
4/08/2004,17.1832,13.8306
5/08/2004,16.8586,13.6575
6/08/2004,16.6198,13.1382
9/08/2004,16.6443,13.0228
10/08/2004,16.975,13.0055
11/08/2004,16.7851,12.7863
12/08/2004,16.4606,12.2554
13/08/2004,16.5463,12.4401
16/08/2004,16.5892,12.3593
17/08/2004,16.5647,12.4112
18/08/2004,16.8158,12.8209
19/08/2004,16.6076,12.6997
20/08/2004,16.6566,12.4747
23/08/2004,16.7303,12.6305
24/08/2004,16.7303,12.5035
25/08/2004,16.9206,12.6651
26/08/2004,16.8531,12.5612
27/08/2004,16.8654,12.7055
30/08/2004,16.7671,12.4631
31/08/2004,16.7671,12.2843
1/09/2004,16.8224,12.365
2/09/2004,16.9636,12.4804
3/09/2004,16.6504,11.5688
7/09/2004,16.804,11.4765
8/09/2004,16.7425,11.3784
9/09/2004,16.7548,11.638
10/09/2004,16.8838,11.8688
13/09/2004,16.7364,12.0015
14/09/2004,16.8531,11.9842
15/09/2004,16.6995,11.7823
16/09/2004,16.7425,11.6034
17/09/2004,16.8961,11.8804
20/09/2004,16.8961,12.0708
21/09/2004,16.7425,12.1631
22/09/2004,16.6566,11.7823
23/09/2004,16.7978,11.7592
24/09/2004,16.761,11.615
27/09/2004,16.6995,11.4938
28/09/2004,16.7487,11.3553
29/09/2004,16.9391,11.5803
30/09/2004,16.9821,11.5746
1/10/2004,17.3506,12.0304
4/10/2004,17.2707,12.1919
5/10/2004,17.4304,12.3016
6/10/2004,17.5225,12.1919
7/10/2004,17.3014,12.2554
8/10/2004,17.1909,11.8573
11/10/2004,17.2339,11.8919
12/10/2004,17.2155,11.7015
13/10/2004,17.2155,12.1112
14/10/2004,17.0742,11.8342
15/10/2004,17.1909,11.8919
18/10/2004,17.4488,11.9958
19/10/2004,17.3076,12.0015
20/10/2004,17.6269,12.3766
21/10/2004,17.541,12.5151
22/10/2004,17.0373,12.29
25/10/2004,16.9698,12.2958
26/10/2004,17.1356,12.3477
27/10/2004,17.2892,12.6939
28/10/2004,17.2032,12.8497
29/10/2004,17.1786,12.844
1/11/2004,17.2462,12.9478
2/11/2004,17.3444,13.0459
3/11/2004,17.4857,13.1037
4/11/2004,17.8112,13.2251
5/11/2004,18.0016,13.5025
8/11/2004,17.9832,13.4274
9/11/2004,18.2841,13.3407
10/11/2004,18.2596,13.2135
11/11/2004,18.4131,13.3927
12/11/2004,18.407,13.6933
15/11/2004,18.7492,13.7395
16/11/2004,18.5644,13.78
17/11/2004,18.5986,14.0574
18/11/2004,18.5302,14.3349
19/11/2004,18.3864,13.965
22/11/2004,18.2427,13.9303
23/11/2004,18.1605,13.5083
24/11/2004,18.2358,13.647
26/11/2004,18.2085,13.4158
29/11/2004,18.3248,13.3291
30/11/2004,18.3522,12.9361
1/12/2004,18.6534,13.3523
2/12/2004,18.5439,13.1268
3/12/2004,18.6397,13.8205
6/12/2004,18.7082,13.8783
7/12/2004,18.5302,13.5719
8/12/2004,18.7287,13.3002
9/12/2004,18.6397,13.1557
10/12/2004,18.537,13.0401
13/12/2004,18.6534,13.0806
14/12/2004,18.6397,13.4332
15/12/2004,18.5576,13.3754
16/12/2004,18.5918,13.2193
17/12/2004,18.4549,13.1615
20/12/2004,18.448,13.1211
21/12/2004,18.5302,13.5777
22/12/2004,18.4617,13.5546
23/12/2004,18.4891,13.6066
27/12/2004,18.3796,13.5083
28/12/2004,18.448,13.4563
29/12/2004,18.4138,13.439
30/12/2004,18.318,13.439
31/12/2004,18.2906,13.5199
3/01/2005,18.3043,13.3349
4/01/2005,18.3727,13.069
5/01/2005,18.3317,12.9419
6/01/2005,18.3111,12.9823
7/01/2005,18.2564,13.1789
10/01/2005,18.3454,13.2251
11/01/2005,18.2974,13.0286
12/01/2005,18.3317,13.3869
13/01/2005,17.9825,13.1904
14/01/2005,17.8799,13.306
18/01/2005,18.0168,13.2598
19/01/2005,17.784,13.0632
20/01/2005,17.7019,13.0517
21/01/2005,17.5581,12.9592
24/01/2005,17.5718,12.7106
25/01/2005,17.8114,12.8667
26/01/2005,17.8046,12.9592
27/01/2005,17.873,12.8956
28/01/2005,17.9209,12.8552
31/01/2005,17.9894,12.9765
1/02/2005,18.0647,13.0806
2/02/2005,18.1126,13.0517
3/02/2005,17.9209,12.9821
4/02/2005,18.0168,13.3417
7/02/2005,17.9073,13.2895
8/02/2005,17.962,13.5796
9/02/2005,17.8457,13.5157
10/02/2005,17.8388,13.6318
11/02/2005,17.7772,14.0204
14/02/2005,17.8046,14.1016
15/02/2005,17.8046,14.1944
16/02/2005,17.7084,14.003
17/02/2005,17.6123,13.7072
18/02/2005,17.4956,13.9334
22/02/2005,17.3239,13.7826
23/02/2005,17.3033,13.5215
24/02/2005,17.4201,13.7478
25/02/2005,17.3377,13.974
28/02/2005,17.2759,13.916
1/03/2005,17.3583,14.2814
2/03/2005,17.3445,14.2234
3/03/2005,17.2827,14.2118
4/03/2005,17.2827,14.3162
7/03/2005,17.4887,14.5657
8/03/2005,17.4407,14.3859
9/03/2005,17.3789,14.4091
10/03/2005,17.4613,14.4149
11/03/2005,17.2278,14.0378
14/03/2005,17.2415,14.0784
15/03/2005,17.1042,13.8522
16/03/2005,16.9119,13.655
17/03/2005,16.8502,13.5796
18/03/2005,16.6922,13.5796
21/03/2005,16.6167,13.6318
22/03/2005,16.4725,13.3533
23/03/2005,16.603,13.5679
24/03/2005,16.6716,13.4461
28/03/2005,16.6167,13.5157
29/03/2005,16.4244,13.4287
30/03/2005,16.5892,13.626
31/03/2005,16.5961,13.4751
1/04/2005,16.5618,13.3475
4/04/2005,16.6373,13.3011
5/04/2005,16.8021,13.4171
6/04/2005,16.9394,13.3707
7/04/2005,17.2347,13.5796
8/04/2005,17.1248,13.51
11/04/2005,17.1454,13.4113
12/04/2005,17.3857,13.4693
13/04/2005,17.1935,13.2373
14/04/2005,17.0561,13.0459
15/04/2005,16.7952,12.8313
18/04/2005,16.9257,12.8835
19/04/2005,16.9119,13.1271
20/04/2005,16.6991,13.1445
21/04/2005,17.3583,13.5505
22/04/2005,17.1523,13.4809
25/04/2005,17.1591,13.5796
26/04/2005,17.0012,13.5273
27/04/2005,17.1591,13.6376
28/04/2005,16.7883,13.4519
29/04/2005,17.372,13.6434
2/05/2005,17.3239,13.6608
3/05/2005,17.4132,13.8232
4/05/2005,17.3102,14.0327
5/05/2005,17.3239,14.12
6/05/2005,17.3171,14.2539
9/05/2005,17.2415,14.4343
10/05/2005,17.0973,14.3587
11/05/2005,17.1042,14.4169
12/05/2005,17.166,14.4576
13/05/2005,17.372,14.6206
16/05/2005,17.558,14.7428
17/05/2005,17.5373,14.9581
18/05/2005,17.7026,15.092
19/05/2005,17.8542,15.1386
20/05/2005,17.7302,15.3365
23/05/2005,17.8059,15.4238
24/05/2005,17.7371,15.6915
25/05/2005,17.7095,15.7148
26/05/2005,17.8404,15.9301
27/05/2005,17.9575,15.9418
31/05/2005,17.7715,15.6915
1/06/2005,17.7784,15.8836
2/06/2005,17.7646,16.0582
3/06/2005,17.5166,15.9068
6/06/2005,17.4753,15.8137
7/06/2005,17.5717,15.6333
8/06/2005,17.496,15.773
9/06/2005,17.5717,16.1222
10/06/2005,17.5166,15.7031
13/06/2005,17.434,15.7148
14/06/2005,17.4684,15.5402
15/06/2005,17.3995,15.6799
16/06/2005,17.248,15.7846
17/06/2005,17.248,15.7846
20/06/2005,17.2962,15.6566
21/06/2005,17.3238,15.8195
22/06/2005,17.2687,15.7788
23/06/2005,17.434,15.5809
24/06/2005,17.248,15.191
27/06/2005,17.2549,15.0513
28/06/2005,17.2687,15.3248
29/06/2005,17.2824,15.2783
30/06/2005,17.1102,15.1444
1/07/2005,17.0207,15.255
5/07/2005,17.2067,15.5285
6/07/2005,17.0138,15.4238
7/07/2005,16.9794,15.4587
8/07/2005,17.2824,15.8778
11/07/2005,17.4202,16.1222
12/07/2005,17.6406,16.1513
13/07/2005,17.6751,16.0582
14/07/2005,17.8886,16.227
15/07/2005,17.7646,16.4714
18/07/2005,17.5993,16.4307
19/07/2005,18.0195,16.7101
20/07/2005,18.0401,15.9709
21/07/2005,18.2124,15.7322
22/07/2005,17.6888,15.5693
25/07/2005,17.6957,15.4354
26/07/2005,17.5924,15.6508
27/07/2005,17.7164,15.7497
28/07/2005,17.7371,15.9127
29/07/2005,17.6406,15.7963
1/08/2005,17.8542,15.7788
2/08/2005,18.4672,16.0407
3/08/2005,18.7703,16.1341
4/08/2005,18.8185,15.7664
5/08/2005,19.1216,15.6263
8/08/2005,18.6876,15.5912
9/08/2005,18.8392,15.7022
10/08/2005,18.5637,15.6905
11/08/2005,18.7841,15.6555
12/08/2005,18.6325,15.3578
15/08/2005,18.7431,15.4862
16/08/2005,18.4736,15.1768
17/08/2005,18.6187,15.2293
18/08/2005,18.5289,15.1068
19/08/2005,18.4598,14.9725
22/08/2005,18.5911,15.2118
23/08/2005,18.5634,15.0134
24/08/2005,18.522,14.9025
25/08/2005,18.674,14.8616
26/08/2005,18.6325,14.8324
29/08/2005,18.7569,15.0192
30/08/2005,18.7776,14.9258
31/08/2005,18.9158,15.0134
1/09/2005,18.7914,14.7449
2/09/2005,18.6671,14.7565
6/09/2005,18.6533,15.0017
7/09/2005,18.5496,14.9783
8/09/2005,18.3838,15.2293
9/09/2005,18.3631,14.739
12/09/2005,18.3838,14.5872
13/09/2005,18.294,14.5347
14/09/2005,18.1766,14.2954
15/09/2005,18.1489,14.3304
16/09/2005,18.0107,14.4822
19/09/2005,17.9624,14.4063
20/09/2005,17.8519,14.2895
21/09/2005,17.6101,14.3012
22/09/2005,17.5064,14.3362
23/09/2005,17.4581,14.2312
26/09/2005,17.4581,14.1378
27/09/2005,17.5064,13.9101
28/09/2005,17.7344,13.9802
29/09/2005,17.9209,14.2895
30/09/2005,17.7759,14.3888
3/10/2005,17.617,14.3596
4/10/2005,17.2577,14.3012
5/10/2005,17.0436,14.0502
6/10/2005,17.085,13.8693
7/10/2005,16.9883,13.9043
10/10/2005,16.8985,13.6708
11/10/2005,16.8639,13.6708
12/10/2005,16.7879,13.5657
13/10/2005,16.9883,13.5424
14/10/2005,17.0436,13.5599
17/10/2005,16.9468,13.6941
18/10/2005,16.9745,13.8459
19/10/2005,17.3337,13.8284
20/10/2005,17.1265,13.7875
21/10/2005,17.1196,13.5132
24/10/2005,17.3406,13.484
25/10/2005,17.2923,13.4898
26/10/2005,17.3475,13.4665
27/10/2005,17.1679,13.3322
28/10/2005,17.6377,13.6183
31/10/2005,17.7551,13.7175
1/11/2005,17.9348,13.2213
2/11/2005,18.2802,13.6416
3/11/2005,18.2664,13.993
4/11/2005,18.4184,14.0516
7/11/2005,18.6602,14.3503
8/11/2005,18.6878,14.3796
9/11/2005,18.6256,14.5261
10/11/2005,18.7154,14.7838
11/11/2005,18.8467,14.7193
14/11/2005,18.9089,14.8599
15/11/2005,19.0544,14.6901
16/11/2005,19.2207,14.5905
17/11/2005,19.38,14.7076
18/11/2005,19.4493,14.8189
21/11/2005,19.5117,14.7896
22/11/2005,19.3385,15.3227
23/11/2005,19.3454,15.6038
25/11/2005,19.2345,15.7034
28/11/2005,19.2276,15.7327
29/11/2005,19.1791,15.6858
30/11/2005,19.1791,15.6272
1/12/2005,19.3246,15.9201
2/12/2005,19.4077,16.0665
5/12/2005,19.2969,15.7561
6/12/2005,19.186,15.6214
7/12/2005,19.2276,15.3168
8/12/2005,19.186,15.0532
9/12/2005,19.1999,15.2758
12/12/2005,19.0197,15.5921
13/12/2005,18.798,15.6507
14/12/2005,18.7703,15.5979
15/12/2005,18.6525,15.5687
16/12/2005,18.6386,15.4515
19/12/2005,18.5901,15.1001
20/12/2005,18.6109,15.1176
21/12/2005,18.5208,15.1586
22/12/2005,18.4239,15.2114
23/12/2005,18.4585,15.2114
27/12/2005,18.3338,14.9126
28/12/2005,18.2853,14.9009
29/12/2005,18.2021,14.6842
30/12/2005,18.119,14.6198
3/01/2006,18.5971,14.9771
4/01/2006,18.6871,15.1762
5/01/2006,18.701,15.3871
6/01/2006,18.6456,15.4105
9/01/2006,18.6109,15.5042
10/01/2006,18.7079,15.2992
11/01/2006,18.9089,15.3109
12/01/2006,18.8049,15.2114
13/01/2006,18.8396,15.1059
17/01/2006,18.701,14.9478
18/01/2006,18.5901,13.2375
19/01/2006,18.7218,13.1203
20/01/2006,18.2991,12.7454
23/01/2006,18.2576,12.5053
24/01/2006,18.2091,12.4643
25/01/2006,18.2922,12.4233
26/01/2006,18.3615,12.5873
27/01/2006,19.2553,12.6927
30/01/2006,19.4008,12.681
31/01/2006,19.5048,12.4526
1/02/2006,19.4285,12.6224
2/02/2006,19.1791,12.4174
3/02/2006,19.0821,12.2056
6/02/2006,18.8257,12.1291
7/02/2006,18.6664,12.1644
8/02/2006,18.6456,12.1644
9/02/2006,18.4724,12.3586
10/02/2006,18.4931,12.5293
13/02/2006,18.2853,12.4351
14/02/2006,18.4654,12.5763
15/02/2006,18.6879,12.5646
16/02/2006,18.6392,12.5646
17/02/2006,18.5628,12.1291
21/02/2006,18.4515,12.135
22/02/2006,18.5767,11.8584
23/02/2006,18.535,11.9407
24/02/2006,18.5141,11.9819
27/02/2006,18.8061,12.0761
28/02/2006,18.6809,12.1232
1/03/2006,18.8687,12.2409
2/03/2006,18.7505,12.0585
3/03/2006,18.7227,11.9584
6/03/2006,18.7088,11.9466
7/03/2006,18.813,11.8054
8/03/2006,18.9451,11.776
9/03/2006,18.7713,11.623
10/03/2006,18.8895,11.6818
13/03/2006,18.8478,11.6112
14/03/2006,18.9312,11.6288
15/03/2006,19.0216,11.723
16/03/2006,18.959,11.5641
17/03/2006,19.1189,11.4994
20/03/2006,19.3901,11.5465
21/03/2006,19.2858,11.6406
22/03/2006,18.8756,11.7583
23/03/2006,18.667,11.5935
24/03/2006,18.7783,11.5347
27/03/2006,18.7783,11.623
28/03/2006,18.7018,11.5229
29/03/2006,18.7852,11.6642
30/03/2006,18.9312,11.5935
31/03/2006,18.9173,11.4523
3/04/2006,19.1607,11.3876
4/04/2006,19.2163,11.3581
5/04/2006,19.2858,11.4641
6/04/2006,19.1607,11.4052
7/04/2006,18.9451,11.3228
10/04/2006,18.973,11.3934
11/04/2006,18.8617,11.2757
12/04/2006,18.9104,11.2522
13/04/2006,18.82,11.4464
17/04/2006,18.6601,11.2934
18/04/2006,18.9243,11.4111
19/04/2006,18.7922,11.5111
20/04/2006,18.7922,11.4464
21/04/2006,18.8756,11.2169
24/04/2006,18.8478,11.1286
25/04/2006,18.8478,11.2699
26/04/2006,18.8409,11.4699
27/04/2006,18.9451,11.8172
28/04/2006,16.7899,11.7583
1/05/2006,16.8873,11.4699
2/05/2006,16.6926,11.5288
3/05/2006,16.1086,11.3336
4/05/2006,16.2963,11.4401
5/05/2006,16.5466,11.5406
8/05/2006,16.4979,11.8955
9/05/2006,16.4214,11.7713
10/05/2006,16.5257,11.582
11/05/2006,16.1433,11.4519
12/05/2006,16.1086,11.2626
15/05/2006,16.1574,11.4282
16/05/2006,16.0597,11.2744
17/05/2006,15.8643,11.0378
18/05/2006,15.9341,11.0319
19/05/2006,15.7456,10.8604
22/05/2006,15.969,10.6533
23/05/2006,15.9062,10.6179
24/05/2006,16.4017,10.5824
25/05/2006,16.5692,10.677
26/05/2006,16.5553,10.7776
30/05/2006,16.1574,10.535
31/05/2006,15.8085,10.6593
1/06/2006,15.9271,10.6711
2/06/2006,15.8852,10.7835
5/06/2006,15.7038,10.6356
6/06/2006,15.4455,10.5232
7/06/2006,15.3827,10.2866
8/06/2006,15.4316,10.121
9/06/2006,15.299,10.1505
12/06/2006,15.1524,9.9731
13/06/2006,15.0128,10.1269
14/06/2006,15.2711,10.4877
15/06/2006,15.4037,10.7184
16/06/2006,15.4246,10.8249
19/06/2006,15.7387,10.7894
20/06/2006,15.7456,10.7362
21/06/2006,16.1086,10.884
22/06/2006,15.969,10.7953
23/06/2006,15.7038,10.6474
26/06/2006,15.9271,10.8131
27/06/2006,15.955,10.677
28/06/2006,16.1644,11.0378
29/06/2006,16.3808,11.4282
30/06/2006,16.2621,11.239
3/07/2006,16.5413,11.4519
5/07/2006,16.297,11.0911
6/07/2006,16.3878,11.1502
7/07/2006,16.2621,10.9787
10/07/2006,16.4017,10.7539
11/07/2006,16.1225,11.0437
12/07/2006,15.8015,10.5764
13/07/2006,15.5363,10.4818
14/07/2006,15.5572,10.5764
17/07/2006,15.6898,10.5528
18/07/2006,15.8713,10.7716
19/07/2006,16.3319,10.9373
20/07/2006,15.9481,10.1151
21/07/2006,16.66,10.1446
24/07/2006,16.7507,10.3398
25/07/2006,16.9042,10.3753
26/07/2006,17.0089,10.3517
27/07/2006,16.66,10.3339
28/07/2006,16.9252,10.7539
31/07/2006,16.7926,10.6474
1/08/2006,16.7437,10.4463
2/08/2006,16.9601,10.4049
3/08/2006,16.8973,10.3097
4/08/2006,16.9531,10.4049
7/08/2006,16.9042,10.3038
8/08/2006,16.988,10.3276
9/08/2006,17.0578,10.3514
10/08/2006,17.0717,10.5596
11/08/2006,17.0508,10.3573
14/08/2006,17.1206,10.631
15/08/2006,17.2467,10.7856
16/08/2006,17.3027,11.0712
17/08/2006,17.3027,11.0415
18/08/2006,18.0663,10.9463
21/08/2006,18.2975,10.857
22/08/2006,17.9472,10.9106
23/08/2006,17.9822,10.9344
24/08/2006,18.0313,11.0415
25/08/2006,18.1083,11.2437
28/08/2006,18.1784,11.5293
29/08/2006,18.1013,11.7077
30/08/2006,18.0733,11.8029
31/08/2006,18.0032,11.6423
1/09/2006,18.1013,11.8267
5/09/2006,17.9402,11.8922
6/09/2006,17.9402,11.4876
7/09/2006,17.8141,11.4341
8/09/2006,17.9332,11.5709
11/09/2006,18.1504,11.5412
12/09/2006,18.1644,11.7494
13/09/2006,18.1994,11.797
14/09/2006,18.4446,11.7672
15/09/2006,18.8088,11.6066
18/09/2006,18.7668,11.6899
19/09/2006,18.8159,11.5531
20/09/2006,19.04,11.5947
21/09/2006,18.8439,11.4162
22/09/2006,18.6757,11.3449
25/09/2006,18.8789,11.5471
26/09/2006,19.054,11.8743
27/09/2006,19.2221,12.1301
28/09/2006,19.1941,12.3562
29/09/2006,19.1591,12.2372
2/10/2006,19.1661,12.1599
3/10/2006,19.1731,12.2372
4/10/2006,19.5724,12.3859
5/10/2006,19.5584,12.3621
6/10/2006,19.5234,12.2729
9/10/2006,19.4183,12.267
10/10/2006,19.3973,12.4276
11/10/2006,19.2922,12.4276
12/10/2006,19.7686,12.7845
13/10/2006,19.8736,12.85
16/10/2006,19.9297,12.8559
17/10/2006,19.9227,12.4335
18/10/2006,19.9787,12.5585
19/10/2006,19.8176,12.5109
20/10/2006,19.9157,12.6893
23/10/2006,19.9297,12.7607
24/10/2006,19.8106,12.8619
25/10/2006,19.8316,12.9214
26/10/2006,19.8596,12.9511
27/10/2006,19.8526,12.5525
30/10/2006,19.9857,12.6477
31/10/2006,20.1118,12.6953
1/11/2006,20.1819,12.5049
2/11/2006,20.1538,12.3027
3/11/2006,20.1258,12.2608
6/11/2006,20.2029,12.4461
7/11/2006,20.2799,12.4342
8/11/2006,20.3009,12.3804
9/11/2006,20.4971,12.207
10/11/2006,20.4831,12.3027
13/11/2006,20.5601,12.5537
14/11/2006,20.5461,13.0798
15/11/2006,20.4688,13.3428
16/11/2006,20.7148,13.3488
17/11/2006,20.6656,13.2113
20/11/2006,21.01,13.3129
21/11/2006,21.0311,12.8945
22/11/2006,21.0311,12.9901
24/11/2006,20.9186,12.9064
27/11/2006,20.7218,12.5657
28/11/2006,20.6585,12.5418
29/11/2006,20.7851,12.6972
30/11/2006,20.6375,12.7929
1/12/2006,20.4688,12.5119
4/12/2006,20.6164,12.6852
5/12/2006,20.4758,12.6255
6/12/2006,20.3774,12.494
7/12/2006,20.279,12.3445
8/12/2006,20.6656,12.3624
11/12/2006,20.764,12.3744
12/12/2006,20.6867,12.3923
13/12/2006,20.771,12.3744
14/12/2006,21.1365,12.4162
15/12/2006,21.2209,12.5298
18/12/2006,21.01,12.4581
19/12/2006,21.0803,12.3505
20/12/2006,21.1506,12.3146
21/12/2006,21.0733,12.1771
22/12/2006,20.8343,12.0038
26/12/2006,21.0803,12.0456
27/12/2006,21.1014,12.1951
28/12/2006,21.0733,12.207
29/12/2006,20.9889,12.1054
3/01/2007,20.9889,12.1652
4/01/2007,20.9538,12.6554
5/01/2007,20.8343,12.6135
8/01/2007,21.0381,12.5597
9/01/2007,21.0592,12.5717
10/01/2007,20.8483,12.8646
11/01/2007,21.5794,13.1037
12/01/2007,21.9378,13.2292
16/01/2007,21.9027,13.3309
17/01/2007,21.8605,12.5776
18/01/2007,21.7902,12.3445
19/01/2007,21.8676,12.4461
22/01/2007,21.5934,12.4282
23/01/2007,21.6075,12.2847
24/01/2007,21.8535,12.4581
25/01/2007,21.4036,12.3146
26/01/2007,21.5091,12.2728
29/01/2007,21.4599,12.488
30/01/2007,21.4247,12.5119
31/01/2007,21.6918,12.5298
1/02/2007,21.4809,12.6195
2/02/2007,21.2209,12.6912
5/02/2007,20.8132,12.7892
6/02/2007,20.7429,12.8072
7/02/2007,20.6445,12.9274
8/02/2007,20.5672,12.8373
9/02/2007,20.3704,12.6389
12/02/2007,20.3422,12.5007
13/02/2007,20.4621,12.5428
14/02/2007,20.7372,12.705
15/02/2007,20.7796,12.8072
16/02/2007,20.2717,12.7591
20/02/2007,20.3352,12.7291
21/02/2007,20.702,12.5488
22/02/2007,20.7302,12.6029
23/02/2007,20.3846,12.4767
26/02/2007,20.5045,12.5308
27/02/2007,19.658,12.0379
28/02/2007,19.8696,11.9358
1/03/2007,19.8132,11.7735
2/03/2007,19.5805,11.5511
5/03/2007,19.4323,11.485
6/03/2007,19.6298,11.6593
7/03/2007,19.4747,11.491
8/03/2007,19.2701,11.5571
9/03/2007,19.2489,11.479
12/03/2007,19.3547,11.7074
13/03/2007,18.8469,11.491
14/03/2007,19.3265,11.5571
15/03/2007,19.2419,11.503
16/03/2007,19.2772,11.5091
19/03/2007,19.6298,11.485
20/03/2007,19.6369,11.4129
21/03/2007,20.1165,11.6233
22/03/2007,19.9402,11.5151
23/03/2007,19.7639,11.5812
26/03/2007,19.9049,11.5932
27/03/2007,19.5522,11.455
28/03/2007,19.4958,11.3348
29/03/2007,19.5734,11.473
30/03/2007,19.658,11.497
2/04/2007,19.5663,11.497
3/04/2007,19.658,11.6052
4/04/2007,20.1024,11.6473
5/04/2007,20.1377,11.7675
9/04/2007,20.1518,12.08
10/04/2007,20.0319,12.4286
11/04/2007,19.8273,12.3024
12/04/2007,20.1306,12.3204
13/04/2007,20.18,12.2964
16/04/2007,20.2646,12.4346
17/04/2007,20.3493,12.6089
18/04/2007,20.1729,12.8313
19/04/2007,20.2364,13.1077
20/04/2007,20.4692,13.3181
23/04/2007,20.2999,13.1678
24/04/2007,20.307,13.1858
25/04/2007,20.448,13.3782
26/04/2007,20.5256,13.276
27/04/2007,21.2451,13.1438
30/04/2007,21.1181,12.9214
1/05/2007,21.4426,13.1017
2/05/2007,21.5907,13.1798
3/05/2007,21.8446,13.1333
4/05/2007,21.5554,13.23
7/05/2007,21.6612,13.2662
8/05/2007,21.6894,13.381
9/05/2007,21.7106,13.5743
10/05/2007,21.5695,13.4172
11/05/2007,21.7882,13.4595
14/05/2007,21.8446,13.3629
15/05/2007,21.8658,13.2964
16/05/2007,21.9861,13.3991
17/05/2007,21.9225,13.4293
18/05/2007,21.8163,13.7133
21/05/2007,21.972,13.671
22/05/2007,21.7172,13.8885
23/05/2007,21.6394,13.6951
24/05/2007,21.3493,13.2723
25/05/2007,21.5686,13.387
29/05/2007,21.788,13.4716
30/05/2007,22.0145,13.3387
31/05/2007,21.7172,13.3991
1/06/2007,21.6465,13.5079
4/06/2007,21.7385,13.387
5/06/2007,21.6394,13.2662
6/06/2007,21.4342,12.9823
7/06/2007,20.9601,12.8735
8/06/2007,21.2644,13.1877
11/06/2007,21.2431,13.2481
12/06/2007,21.1228,13.4112
13/06/2007,21.505,13.6951
14/06/2007,21.5969,14.0334
15/06/2007,21.5757,14.6436
18/06/2007,21.5899,14.6013
19/06/2007,21.5545,14.559
20/06/2007,21.2361,14.4624
21/06/2007,21.3847,14.6738
22/06/2007,20.8681,14.3174
25/06/2007,20.8681,14.1845
26/06/2007,20.8893,14.1241
27/06/2007,21.137,14.3717
28/06/2007,21.1087,14.4503
29/06/2007,20.8539,14.3415
2/07/2007,21.045,14.6617
3/07/2007,21.2431,14.855
5/07/2007,21.2219,14.8611
6/07/2007,21.2078,14.9094
9/07/2007,21.137,15.0785
10/07/2007,20.7549,15.0846
11/07/2007,20.8681,14.8429
12/07/2007,21.2785,15.7068
13/07/2007,21.1016,15.6887
16/07/2007,21.2502,15.6766
17/07/2007,21.7809,15.9062
18/07/2007,21.88,15.1389
19/07/2007,22.2975,15.2598
20/07/2007,22.0498,14.8309
23/07/2007,22.0711,14.9336
24/07/2007,21.7951,14.8188
25/07/2007,21.7314,14.8007
26/07/2007,21.2148,14.4986
27/07/2007,20.7973,14.2207
30/07/2007,20.8044,14.408
31/07/2007,20.5143,14.269
1/08/2007,20.7336,14.3778
2/08/2007,20.8893,14.6798
3/08/2007,20.493,14.5117
6/08/2007,20.9035,14.6452
7/08/2007,20.9105,14.6452
8/08/2007,21.229,14.979
9/08/2007,20.7336,14.5178
10/08/2007,20.3161,14.5542
13/08/2007,20.2595,14.5785
14/08/2007,20.0749,14.445
15/08/2007,19.9542,14.0929
16/08/2007,19.7482,14.0201
17/08/2007,20.0607,14.3843
20/08/2007,20.0678,14.6331
21/08/2007,19.9329,14.4996
22/08/2007,20.0394,14.6574
23/08/2007,20.0962,14.7059
24/08/2007,20.4584,15.0458
27/08/2007,20.2311,14.8395
28/08/2007,19.8335,14.5421
29/08/2007,20.3021,15.2279
30/08/2007,20.2027,15.3432
31/08/2007,20.4015,15.6285
4/09/2007,20.4584,15.8894
5/09/2007,20.224,15.7741
6/09/2007,20.5294,15.8712
7/09/2007,20.1956,15.4585
10/09/2007,20.224,15.3857
11/09/2007,20.5436,15.5738
12/09/2007,20.5436,15.4525
13/09/2007,20.7069,15.3857
14/09/2007,20.6217,15.1308
17/09/2007,20.4015,15.0822
18/09/2007,20.5436,15.4221
19/09/2007,20.3589,15.586
20/09/2007,20.1814,15.6649
21/09/2007,20.3447,15.7013
24/09/2007,20.6501,15.7681
25/09/2007,20.9909,15.7134
26/09/2007,20.9483,15.7256
27/09/2007,20.9412,15.6345
28/09/2007,20.9199,15.6952
1/10/2007,21.1401,16.0048
2/10/2007,21.0904,16.0108
3/10/2007,20.9128,15.6649
4/10/2007,21.0975,15.5374
5/10/2007,21.1898,15.501
8/10/2007,21.1898,15.5738
9/10/2007,21.3744,15.6831
10/10/2007,21.4667,15.7074
11/10/2007,21.2395,15.4343
12/10/2007,21.4241,15.5071
15/10/2007,21.3318,15.6285
16/10/2007,21.5306,15.4646
17/10/2007,22.0703,16.2172
18/10/2007,22.1271,16.3689
19/10/2007,21.4241,15.9623
22/10/2007,21.6656,16.1686
23/10/2007,21.9425,16.2657
24/10/2007,22.191,15.7863
25/10/2007,22.7165,15.7134
26/10/2007,24.8753,15.7438
29/10/2007,24.5486,15.938
30/10/2007,25.2587,15.9441
31/10/2007,26.1393,16.3264
1/11/2007,26.3168,16.0837
2/11/2007,26.3168,16.2657
5/11/2007,26.0825,16.359
6/11/2007,25.8552,16.7552
7/11/2007,25.2232,16.3956
8/11/2007,24.6693,15.8043
9/11/2007,23.9521,15.3289
12/11/2007,23.7036,15.463
13/11/2007,24.5514,15.9323
14/11/2007,24.1738,15.7556
15/11/2007,24.0527,15.5606
16/11/2007,24.2878,15.5484
19/11/2007,24.1952,15.3411
20/11/2007,24.6369,15.5545
21/11/2007,24.3875,15.012
23/11/2007,24.302,15.2802
26/11/2007,23.4898,14.8535
27/11/2007,23.554,15.3046
28/11/2007,24.0099,15.9628
29/11/2007,23.9316,16.0542
30/11/2007,23.9387,15.8958
3/12/2007,23.4542,15.9994
4/12/2007,23.3473,16.036
5/12/2007,24.3305,16.5906
6/12/2007,24.6155,17.0538
7/12/2007,24.6013,16.9014
10/12/2007,24.7651,16.9319
11/12/2007,24.2949,16.4138
12/12/2007,24.5585,16.6272
13/12/2007,25.0929,16.554
14/12/2007,25.157,16.0238
17/12/2007,24.5015,15.6764
18/12/2007,24.7509,15.7922
19/12/2007,24.7865,15.9628
20/12/2007,25.3066,16.0969
21/12/2007,25.6913,16.4321
24/12/2007,26.0618,16.6455
26/12/2007,26.0832,16.7308
27/12/2007,25.6272,16.3529
28/12/2007,25.7341,16.3102
31/12/2007,25.3636,16.2493
2/01/2008,25.0929,15.4508
3/01/2008,25.1997,15.0364
4/01/2008,24.4944,13.8174
7/01/2008,24.6583,13.9454
8/01/2008,23.8318,13.5675
9/01/2008,24.5371,13.8661
10/01/2008,24.4588,13.7381
11/01/2008,24.1596,13.4029
14/01/2008,24.5015,14.0673
15/01/2008,24.2237,13.8296
16/01/2008,23.6751,12.1169
17/01/2008,23.5896,11.7816
18/01/2008,23.5183,11.5805
22/01/2008,22.7702,11.3428
23/01/2008,22.7489,12.1778
24/01/2008,23.6893,12.6106
25/01/2008,23.4685,12.19
28/01/2008,23.3117,12.3668
29/01/2008,23.2262,12.4948
30/01/2008,22.9412,12.6106
31/01/2008,23.2262,12.8605
1/02/2008,21.6944,13.2688
4/02/2008,21.5092,12.9214
5/02/2008,20.7112,12.3376
6/02/2008,20.3194,12.215
7/02/2008,20.0344,12.2947
8/02/2008,20.3479,12.4296
11/02/2008,20.0985,12.681
12/02/2008,20.1911,12.8159
13/02/2008,20.6329,13.006
14/02/2008,20.3051,12.5461
15/02/2008,20.2481,12.3315
19/02/2008,20.148,12.3622
20/02/2008,20.1838,12.4971
21/02/2008,20.0979,12.448
22/02/2008,19.7975,12.1537
25/02/2008,19.912,12.2273
26/02/2008,20.2982,12.6872
27/02/2008,20.2124,12.7362
28/02/2008,19.9763,12.5645
29/02/2008,19.4542,12.2457
3/03/2008,19.304,12.2702
4/03/2008,19.7332,12.2641
5/03/2008,20.1122,12.3867
6/03/2008,19.7189,12.1843
7/03/2008,19.9334,12.307
10/03/2008,20.0622,12.3376
11/03/2008,20.9419,12.9999
12/03/2008,20.477,12.9508
13/03/2008,20.4699,13.049
14/03/2008,19.9978,12.6688
17/03/2008,20.241,12.7853
18/03/2008,21.042,13.3372
19/03/2008,20.4699,12.9324
20/03/2008,20.8704,13.3372
24/03/2008,20.8632,13.5702
25/03/2008,20.8418,13.656
26/03/2008,20.4269,13.4046
27/03/2008,20.0622,12.9324
28/03/2008,19.962,12.7485
31/03/2008,20.2982,12.9876
1/04/2008,21.0993,13.4721
2/04/2008,20.8561,13.3985
3/04/2008,20.7416,13.4475
4/04/2008,20.8561,13.4107
7/04/2008,20.8561,13.3372
8/04/2008,20.5628,12.9263
9/04/2008,20.663,13.1348
10/04/2008,20.8203,13.5395
11/04/2008,20.2267,13.0244
14/04/2008,20.0693,12.6872
15/04/2008,20.2052,12.8221
16/04/2008,20.7059,13.5702
17/04/2008,20.899,13.5579
18/04/2008,21.4569,13.8277
21/04/2008,21.7573,13.7725
22/04/2008,21.6357,13.4843
23/04/2008,22.494,13.8339
24/04/2008,22.7443,13.9136
25/04/2008,21.3353,13.8339
28/04/2008,20.7345,13.9258
29/04/2008,20.4842,13.8706
30/04/2008,20.3983,13.6499
1/05/2008,21.0277,14.2815
2/05/2008,20.9133,14.4593
5/05/2008,20.7989,14.3421
6/05/2008,21.2423,14.5457
7/05/2008,20.8918,14.2928
8/05/2008,20.9348,14.4347
9/05/2008,21.0206,14.4161
12/05/2008,21.4497,14.5827
13/05/2008,21.3779,14.6567
14/05/2008,21.4856,14.7061
15/05/2008,21.8589,15.4031
16/05/2008,21.5287,15.4216
19/05/2008,21.1482,15.3476
20/05/2008,20.6457,14.8603
21/05/2008,20.2796,14.595
22/05/2008,20.4375,14.7307
23/05/2008,20.136,14.4408
27/05/2008,20.416,14.558
28/05/2008,20.2294,14.4778
29/05/2008,20.3227,14.2743
30/05/2008,20.3299,14.2989
2/06/2008,19.9566,14.3113
3/06/2008,19.6048,14.1509
4/06/2008,19.7699,14.484
5/06/2008,20.3155,14.7246
6/06/2008,19.734,14.1262
9/06/2008,19.892,14.0399
10/06/2008,20.0212,13.9905
11/06/2008,19.4684,13.4538
12/06/2008,20.2724,13.6019
13/06/2008,20.8683,13.9782
16/06/2008,20.7678,14.1015
17/06/2008,20.6744,13.9288
18/06/2008,20.4304,13.7438
19/06/2008,20.7678,14.0954
20/06/2008,20.2652,13.7993
23/06/2008,20.0786,13.7931
24/06/2008,19.9063,13.8239
25/06/2008,20.3514,13.972
26/06/2008,19.9207,13.3181
27/06/2008,19.8345,13.2564
30/06/2008,19.7484,13.2503
1/07/2008,19.289,13.3058
2/07/2008,18.5783,12.911
3/07/2008,18.6501,12.7444
7/07/2008,18.686,12.7753
8/07/2008,18.5567,12.9048
9/07/2008,18.1117,12.2201
10/07/2008,18.2696,12.7198
11/07/2008,18.126,12.7321
14/07/2008,18.0542,12.6272
15/07/2008,18.7721,12.7753
16/07/2008,19.5689,12.8987
17/07/2008,19.7556,13.5649
18/07/2008,18.5639,13.6266
21/07/2008,18.406,13.6266
22/07/2008,18.5208,13.6266
23/07/2008,18.9731,13.7561
24/07/2008,18.2624,13.3675
25/07/2008,18.7793,13.5772
28/07/2008,18.3055,13.3675
29/07/2008,18.7434,13.7129
30/07/2008,18.8295,13.7129
31/07/2008,18.4634,13.6882
1/08/2008,18.2624,13.7869
4/08/2008,18.1476,13.8918
5/08/2008,18.8152,14.2891
6/08/2008,19.3966,14.1525
7/08/2008,19.6623,14.6925
8/08/2008,20.1935,15.0401
11/08/2008,20.0284,15.1333
12/08/2008,20.1863,15.2202
13/08/2008,20.0355,14.9719
14/08/2008,20.0355,15.1208
15/08/2008,19.9638,15.0588
18/08/2008,19.8776,14.9036
19/08/2008,19.6902,14.6429
20/08/2008,19.6686,14.5187
21/08/2008,19.5893,14.3077
22/08/2008,20.065,14.5808
25/08/2008,19.9353,14.258
26/08/2008,19.6542,14.3698
27/08/2008,19.8632,14.5311
28/08/2008,20.1371,14.6429
29/08/2008,19.6686,14.196
2/09/2008,19.5317,14.016
3/09/2008,19.3875,13.3704
4/09/2008,18.9911,12.7373
5/09/2008,18.4866,12.7931
8/09/2008,18.8253,13.0166
9/09/2008,18.8109,12.6193
10/09/2008,19.056,12.5138
11/09/2008,19.7046,12.5324
12/09/2008,19.9064,12.5138
15/09/2008,19.3299,12.0172
16/09/2008,18.7316,12.0917
17/09/2008,17.7082,11.5144
18/09/2008,18.2055,11.9551
19/09/2008,18.1334,11.9365
22/09/2008,18.3064,11.4834
23/09/2008,18.3353,11.5641
24/09/2008,18.5371,11.6075
25/09/2008,19.1785,11.5269
26/09/2008,19.7479,11.9179
29/09/2008,18.0253,10.7199
30/09/2008,19.2362,11.6262
1/10/2008,19.0848,11.4958
2/10/2008,18.919,10.6765
3/10/2008,18.9695,10.7447
6/10/2008,17.9533,10.5089
7/10/2008,16.7425,9.944
8/10/2008,16.5839,10.0868
9/10/2008,16.0722,9.6833
10/10/2008,15.4956,9.4288
13/10/2008,18.3785,10.5461
14/10/2008,17.3695,9.8881
15/10/2008,16.3316,9.3047
16/10/2008,17.4343,9.8571
17/10/2008,17.247,9.6212
20/10/2008,17.8163,9.9564
21/10/2008,16.8361,9.466
22/10/2008,15.5172,9.0502
23/10/2008,16.0866,9.0067
24/10/2008,15.8271,8.8639
27/10/2008,15.265,8.8453
28/10/2008,16.6488,9.8447
29/10/2008,16.5767,9.2736
30/10/2008,16.31,10.0371
31/10/2008,16.0938,9.9502
3/11/2008,16.3028,9.7081
4/11/2008,16.9587,10.093
5/11/2008,15.9136,9.4293
6/11/2008,15.0487,8.6842
7/11/2008,15.4956,9.1601
10/11/2008,15.3515,8.9848
11/11/2008,15.2794,8.7218
12/11/2008,14.6307,8.4651
13/11/2008,15.3154,9.0348
14/11/2008,14.4577,8.3399
17/11/2008,13.9244,8.1395
18/11/2008,14.2364,8.2084
19/11/2008,13.2714,7.8202
20/11/2008,12.7199,7.6574
21/11/2008,14.28,8.2084
24/11/2008,15.0128,8.4901
25/11/2008,14.5049,8.2209
26/11/2008,14.8677,8.7468
28/11/2008,14.6718,8.6404
1/12/2008,13.5036,7.864
2/12/2008,13.8954,8.3148
3/12/2008,14.4178,8.5527
4/12/2008,13.8664,7.9955
5/12/2008,14.4178,8.3211
8/12/2008,15.245,8.728
9/12/2008,14.9475,8.9534
10/12/2008,14.9548,8.9347
11/12/2008,14.1131,8.7719
12/12/2008,14.0478,9.2352
15/12/2008,13.8156,9.135
16/12/2008,14.592,9.7924
17/12/2008,14.2654,9.5545
18/12/2008,14.0042,8.9284
19/12/2008,13.8736,9.0411
22/12/2008,13.9172,8.9785
23/12/2008,13.9897,8.8094
24/12/2008,13.9099,8.9096
26/12/2008,13.8809,8.8783
29/12/2008,13.7575,8.847
30/12/2008,14.0333,9.1976
31/12/2008,14.1058,9.1789
2/01/2009,14.7516,9.5169
5/01/2009,14.8895,9.3354
6/01/2009,15.0636,9.6234
7/01/2009,14.1566,9.0411
8/01/2009,14.5992,9.11
9/01/2009,14.1639,8.8595
12/01/2009,14.1276,8.6341
13/01/2009,14.3815,8.559
14/01/2009,13.8519,8.1896
15/01/2009,13.9607,8.3211
16/01/2009,14.3017,8.6028
20/01/2009,13.4092,8.0518
21/01/2009,14.0623,8.3023
22/01/2009,12.4151,8.0268
23/01/2009,12.4805,8.2146
26/01/2009,12.7925,8.3774
27/01/2009,12.8142,8.6466
28/01/2009,13.09,8.7719
29/01/2009,12.7634,8.3712
30/01/2009,12.4079,8.0769
2/02/2009,12.9376,8.5339
3/02/2009,13.4237,8.5966
4/02/2009,13.5181,8.78
5/02/2009,13.8156,9.0141
6/02/2009,14.2654,9.3177
9/02/2009,14.1058,9.4315
10/02/2009,13.6414,8.9065
11/02/2009,13.9389,8.9065
12/02/2009,13.9752,8.8559
13/02/2009,13.8519,8.78
17/02/2009,13.2162,8.3562
18/02/2009,13.2382,8.4511
19/02/2009,13.0847,8.0209
20/02/2009,13.1505,8.0842
23/02/2009,12.5733,7.6414
24/02/2009,12.5441,8.0526
25/02/2009,12.3907,8.2423
26/02/2009,11.9962,8.0399
27/02/2009,11.7989,8.0589
2/03/2009,11.5359,7.7869
3/03/2009,11.6017,7.7679
4/03/2009,11.777,8.0715
5/03/2009,11.156,7.7869
6/03/2009,11.1633,7.8501
9/03/2009,11.0683,7.9387
10/03/2009,12.04,8.8053
11/03/2009,12.5003,8.8306
12/03/2009,12.4272,9.1848
13/03/2009,12.1642,9.2987
16/03/2009,11.872,9.0141
17/03/2009,12.3469,9.4252
18/03/2009,12.3907,9.6403
19/03/2009,12.5222,9.5834
20/03/2009,12.4637,9.2671
23/03/2009,13.3916,9.8174
24/03/2009,13.0993,9.4885
25/03/2009,13.0628,9.4505
26/03/2009,13.7569,10.0072
27/03/2009,13.2455,9.7542
30/03/2009,12.7706,9.3114
31/03/2009,13.4208,9.5075
1/04/2009,14.1076,9.5075
2/04/2009,14.0929,9.9313
3/04/2009,13.6984,10.0894
6/04/2009,13.7057,10.0325
7/04/2009,13.7057,9.7731
8/04/2009,14.0199,9.6593
9/04/2009,14.3706,10.1084
13/04/2009,14.3121,10.1084
14/04/2009,14.1368,10.1274
15/04/2009,13.7569,9.8807
16/04/2009,14.4363,10.0515
17/04/2009,14.0272,9.868
20/04/2009,13.5961,9.4885
21/04/2009,13.8592,9.7162
22/04/2009,13.7203,9.9123
23/04/2009,13.8226,9.8237
24/04/2009,15.2765,9.8807
27/04/2009,14.9039,9.6656
28/04/2009,14.5605,9.5201
29/04/2009,14.7943,9.7099
30/04/2009,14.8016,9.9819
1/05/2009,14.787,10.0009
4/05/2009,14.7505,10.5385
5/05/2009,14.4582,10.3089
6/05/2009,14.4582,10.2834
7/05/2009,14.1149,10.0601
8/05/2009,14.1879,9.7539
11/05/2009,14.1149,9.8049
12/05/2009,14.5313,9.7029
13/05/2009,14.429,9.6518
14/05/2009,14.6555,9.9134
15/05/2009,14.7724,9.6901
18/05/2009,15.05,9.9006
19/05/2009,14.9324,9.9835
20/05/2009,14.9838,9.9389
21/05/2009,14.5721,9.6837
22/05/2009,14.5207,9.6008
26/05/2009,14.9544,9.8751
27/05/2009,14.8,9.8623
28/05/2009,15.0353,10.0282
29/05/2009,15.3588,10.0282
1/06/2009,15.7338,10.5258
2/06/2009,15.7338,10.328
3/06/2009,15.9764,10.1685
4/06/2009,16.0499,10.2897
5/06/2009,16.2778,10.1558
8/06/2009,16.2117,10.1558
9/06/2009,16.2337,10.4747
10/06/2009,16.5793,10.5003
11/06/2009,16.7851,10.4301
12/06/2009,17.1527,10.4046
15/06/2009,17.2189,10.1941
16/06/2009,17.241,10.1175
17/06/2009,17.4101,10.2961
18/06/2009,17.2777,10.1239
19/06/2009,17.6968,10.2132
22/06/2009,17.116,10.0027
23/06/2009,17.1601,10.0856
24/06/2009,17.2557,10.2706
25/06/2009,17.491,10.4046
26/06/2009,17.1674,10.3918
29/06/2009,17.5424,10.4492
30/06/2009,17.4762,10.5577
1/07/2009,17.6748,10.8703
2/07/2009,17.1821,10.6661
6/07/2009,17.0572,10.5513
7/07/2009,16.5646,10.3663
8/07/2009,16.5866,10.1685
9/07/2009,16.4984,10.2196
10/07/2009,16.4616,10.2323
13/07/2009,17.0792,10.5194
14/07/2009,16.991,10.7363
15/07/2009,17.7336,11.5146
16/07/2009,17.9688,11.8016
17/07/2009,17.8586,11.9866
20/07/2009,18.035,12.0568
21/07/2009,18.2556,12.0568
22/07/2009,18.2335,12.2099
23/07/2009,18.7923,12.4268
24/07/2009,17.241,12.3502
27/07/2009,16.991,12.4204
28/07/2009,17.2557,12.3566
29/07/2009,17.4983,12.3758
30/07/2009,17.5057,12.3311
31/07/2009,17.2924,12.2801
3/08/2009,17.5204,12.3566
4/08/2009,17.4762,12.3247
5/08/2009,17.5057,12.1191
6/08/2009,17.2483,12.0163
7/08/2009,17.3218,11.8878
10/08/2009,17.2189,12.0548
11/08/2009,17.0057,11.9777
12/08/2009,17.2998,12.087
13/08/2009,17.366,12.2412
14/08/2009,17.4174,12.0613
17/08/2009,17.0939,11.8556
18/08/2009,17.434,12.0613
19/08/2009,17.4858,12.0805
20/08/2009,17.5006,12.0227
21/08/2009,18.0477,12.1384
24/08/2009,18.2178,12.0548
25/08/2009,18.2178,12.2733
26/08/2009,18.1512,12.4854
27/08/2009,18.2547,12.5111
28/08/2009,18.2473,13.0123
31/08/2009,18.2251,13.0573
1/09/2009,17.7446,12.6717
2/09/2009,17.641,12.5111
3/09/2009,17.8259,12.4789
4/09/2009,18.203,12.6203
8/09/2009,18.3508,12.7231
9/09/2009,18.3213,12.8067
10/09/2009,18.4839,12.6974
11/09/2009,18.3804,12.5368
14/09/2009,18.4839,12.4404
15/09/2009,18.6318,12.5625
16/09/2009,18.6318,12.6267
17/09/2009,18.7057,12.4725
18/09/2009,18.6761,12.5689
21/09/2009,18.7057,12.5561
22/09/2009,19.0532,12.5496
23/09/2009,19.0089,12.7745
24/09/2009,19.1789,12.5561
25/09/2009,18.8906,12.4468
28/09/2009,19.0976,12.6846
29/09/2009,19.0384,12.5175
30/09/2009,19.0163,12.5753
1/10/2009,18.3952,12.1448
2/10/2009,18.4543,12.1898
5/10/2009,18.2178,12.2733
6/10/2009,18.5652,12.6139
7/10/2009,18.5578,12.691
8/10/2009,18.9793,12.7745
9/10/2009,18.8906,12.9609
12/10/2009,19.0163,13.1087
13/10/2009,19.0828,13.1665
14/10/2009,19.1937,13.385
15/10/2009,19.7482,13.2822
16/10/2009,19.5929,12.9673
19/10/2009,19.4894,13.1151
20/10/2009,19.4968,12.9673
21/10/2009,19.6521,12.7617
22/10/2009,19.6595,12.9288
23/10/2009,20.7168,12.7103
26/10/2009,21.2047,12.7424
27/10/2009,21.1382,12.6846
28/10/2009,20.7168,12.2283
29/10/2009,20.8647,12.3504
30/10/2009,20.5024,12.2797
2/11/2009,20.6133,12.2155
3/11/2009,20.3545,11.8878
4/11/2009,20.7463,12.0367
5/11/2009,21.0495,12.2309
6/11/2009,21.0865,12.2568
9/11/2009,21.4339,12.6
10/11/2009,21.4487,12.6259
11/11/2009,21.5301,12.846
12/11/2009,21.7075,12.7424
13/11/2009,21.9071,12.8331
16/11/2009,21.8406,13.0986
17/11/2009,22.2787,13.1568
18/11/2009,22.3604,13.0273
19/11/2009,22.1154,12.4964
20/11/2009,21.9965,12.4576
23/11/2009,22.2342,12.5612
24/11/2009,22.2119,12.5547
25/11/2009,22.1228,12.5223
27/11/2009,21.6995,12.3734
30/11/2009,21.8406,12.4317
1/12/2009,22.2862,12.7295
2/12/2009,22.1154,12.7683
3/12/2009,22.1525,12.8655
4/12/2009,22.2639,13.2475
7/12/2009,22.1228,13.1892
8/12/2009,21.9594,12.9432
9/12/2009,22.0634,12.9561
10/12/2009,22.1822,13.0468
11/12/2009,22.1673,12.8849
14/12/2009,22.3604,12.9367
15/12/2009,22.2936,12.8201
16/12/2009,22.353,12.5482
17/12/2009,21.9817,12.3475
18/12/2009,22.5461,12.7101
21/12/2009,22.6649,13.0079
22/12/2009,22.8877,12.9755
23/12/2009,22.962,13.0144
24/12/2009,23.0214,13.1633
28/12/2009,23.1476,13.1439
29/12/2009,23.311,13.2086
30/12/2009,22.9917,13.3317
31/12/2009,22.6352,13.2086
4/01/2010,22.9842,13.5194
5/01/2010,22.9917,13.513
6/01/2010,22.8506,13.4676
7/01/2010,22.6129,13.3381
8/01/2010,22.7689,13.4871
11/01/2010,22.4793,13.5648
12/01/2010,22.3307,13.3446
13/01/2010,22.5387,13.5712
14/01/2010,22.9917,13.9079
15/01/2010,22.9174,13.4676
19/01/2010,23.0956,13.6295
20/01/2010,22.7169,13.6489
21/01/2010,22.2862,13.4935
22/01/2010,21.5064,12.8914
25/01/2010,21.7738,13.1568
26/01/2010,21.9074,12.9496
27/01/2010,22.0337,13.105
28/01/2010,21.6549,12.8978
29/01/2010,20.9272,12.5612
1/02/2010,21.098,12.6971
2/02/2010,21.1351,12.8914
3/02/2010,21.2613,12.8444
4/02/2010,20.6747,12.4136
5/02/2010,20.8084,12.7073
8/02/2010,20.5856,12.629
9/02/2010,20.8009,12.8248
10/02/2010,20.7861,12.8509
11/02/2010,20.8826,13.0924
12/02/2010,20.7415,13.3339
16/02/2010,21.1519,13.5231
17/02/2010,21.3309,13.484
18/02/2010,21.6144,13.6015
19/02/2010,21.4652,13.5884
22/02/2010,21.4354,13.621
23/02/2010,21.1369,13.3078
24/02/2010,21.3608,13.5101
25/02/2010,21.3384,13.4644
26/02/2010,21.3906,13.3991
1/03/2010,21.6517,13.621
2/03/2010,21.2339,13.5101
3/03/2010,21.2339,13.3926
4/03/2010,21.3608,13.3991
5/03/2010,21.3309,13.5688
8/03/2010,21.3608,13.5558
9/03/2010,21.4876,13.6667
10/03/2010,21.6144,13.8299
11/03/2010,21.7711,13.8691
12/03/2010,21.8383,13.8821
15/03/2010,21.8532,13.8168
16/03/2010,21.9129,14.3651
17/03/2010,22.1069,14.5152
18/03/2010,22.0919,14.4891
19/03/2010,22.077,14.352
22/03/2010,22.0845,14.5152
23/03/2010,22.2934,14.7958
24/03/2010,22.1218,14.6392
25/03/2010,22.3904,14.587
26/03/2010,22.1293,14.5152
29/03/2010,22.077,14.5739
30/03/2010,22.2113,14.5805
31/03/2010,21.8532,14.5478
1/04/2010,21.7562,14.6131
5/04/2010,21.8383,14.7436
6/04/2010,21.8756,14.6196
7/04/2010,21.898,14.6523
8/04/2010,22.3232,14.5609
9/04/2010,22.6366,14.7175
12/04/2010,22.6217,14.711
13/04/2010,22.7187,14.8611
14/04/2010,22.9947,15.3506
15/04/2010,23.032,15.8075
16/04/2010,22.8828,15.6117
19/04/2010,23.1589,15.6639
20/04/2010,23.3976,15.7422
21/04/2010,23.3752,15.5333
22/04/2010,23.42,15.6573
23/04/2010,23.0992,15.69
26/04/2010,23.2111,15.5464
27/04/2010,23.0171,15.2396
28/04/2010,23.0619,15.1809
29/04/2010,23.129,15.331
30/04/2010,22.7858,14.9068
3/05/2010,23.0246,15.1809
4/05/2010,22.4799,14.724
5/05/2010,22.271,14.5716
6/05/2010,21.6219,14.1378
7/05/2010,21.0474,14.0063
10/05/2010,21.5921,14.8213
11/05/2010,21.5473,14.6439
12/05/2010,21.9651,15.1762
13/05/2010,21.8159,14.7885
14/05/2010,21.5846,14.3875
17/05/2010,21.5921,14.473
18/05/2010,21.4347,14.0852
19/05/2010,21.1649,14.1969
20/05/2010,20.318,13.6645
21/05/2010,20.1156,13.7434
24/05/2010,19.6884,13.5857
25/05/2010,19.5385,13.704
26/05/2010,18.7441,13.6054
27/05/2010,19.4861,14.3021
28/05/2010,19.3362,14.0786
1/06/2010,19.4036,13.9209
2/06/2010,19.8308,14.3349
3/06/2010,20.1306,14.3941
4/06/2010,19.3287,13.7697
7/06/2010,18.9539,13.349
8/06/2010,18.819,13.2636
9/06/2010,18.5792,13.0993
10/06/2010,18.7366,13.5068
11/06/2010,19.2313,13.5659
14/06/2010,19.1113,13.7303
15/06/2010,19.9208,14.118
16/06/2010,19.7259,14.1246
17/06/2010,19.7634,14.1443
18/06/2010,19.8158,14.0655
21/06/2010,19.4486,13.9274
22/06/2010,19.3137,13.7894
23/06/2010,18.9689,13.6777
24/06/2010,18.7366,13.3556
25/06/2010,18.3844,13.165
28/06/2010,18.2195,13.3819
29/06/2010,17.47,13.0073
30/06/2010,17.2452,12.7838
1/07/2010,17.3576,12.6523
2/07/2010,17.44,12.6195
6/07/2010,17.8522,12.8035
7/07/2010,18.212,13.2373
8/07/2010,18.2944,13.211
9/07/2010,18.1895,13.303
12/07/2010,18.6092,13.5199
13/07/2010,18.834,13.8091
14/07/2010,19.0664,14.0392
15/07/2010,19.1188,14.1378
16/07/2010,18.6542,13.8157
19/07/2010,18.909,14.1903
20/07/2010,19.0963,14.2298
21/07/2010,18.8265,13.9734
22/07/2010,19.3661,14.3152
23/07/2010,19.3437,14.2561
26/07/2010,19.561,14.2692
27/07/2010,19.606,14.1838
28/07/2010,19.4486,14.0194
29/07/2010,19.5086,13.8223
30/07/2010,19.3437,13.5396
2/08/2010,19.7334,13.9011
3/08/2010,19.606,13.7171
4/08/2010,19.2837,13.729
5/08/2010,19.0139,13.6893
6/08/2010,19.1488,13.6761
9/08/2010,19.1938,13.6761
10/08/2010,18.7891,13.1264
11/08/2010,18.6317,12.8681
12/08/2010,18.3544,12.8813
13/08/2010,18.2869,12.6826
16/08/2010,18.3619,12.8946
17/08/2010,18.618,12.9343
18/08/2010,18.7009,12.974
19/08/2010,18.4146,12.5171
20/08/2010,18.2564,12.5237
23/08/2010,18.2941,12.3846
24/08/2010,18.1132,12.1925
25/08/2010,18.1584,12.2389
26/08/2010,17.9475,12.0402
27/08/2010,18.0304,12.1661
30/08/2010,17.8118,11.8945
31/08/2010,17.6838,11.7025
1/09/2010,18.0077,12.0137
2/09/2010,18.0379,12.1065
3/09/2010,18.3016,12.2058
7/09/2010,18.053,12.0005
8/09/2010,18.0304,11.8548
9/09/2010,18.0906,11.921
10/09/2010,17.9701,11.9011
13/09/2010,18.9194,12.2919
14/09/2010,18.8592,12.4111
15/09/2010,18.927,12.3979
16/09/2010,19.0852,12.5634
17/09/2010,19.0023,12.4575
20/09/2010,19.1605,12.5369
21/09/2010,18.9496,12.676
22/09/2010,18.5427,12.5899
23/09/2010,18.4071,12.57
24/09/2010,18.6708,12.8614
27/09/2010,18.6331,12.7422
28/09/2010,18.5955,12.9211
29/09/2010,18.4598,12.7422
30/09/2010,18.4523,12.7157
1/10/2010,18.3694,12.7952
4/10/2010,18.0153,12.4972
5/10/2010,18.3468,12.6826
6/10/2010,18.4071,12.7886
7/10/2010,18.4824,12.8482
8/10/2010,18.5126,12.9277
11/10/2010,18.5276,12.9542
12/10/2010,18.7085,13.0932
13/10/2010,19.0927,12.7422
14/10/2010,19.0098,12.7952
15/10/2010,19.2434,12.7952
18/10/2010,19.4544,12.7091
19/10/2010,18.9119,12.7224
20/10/2010,19.0701,13.0071
21/10/2010,19.153,13.0866
22/10/2010,19.1229,13.1396
25/10/2010,18.9797,13.1595
26/10/2010,19.5147,13.2721
27/10/2010,19.6277,13.3714
28/10/2010,19.801,13.5568
29/10/2010,20.0948,13.2787
1/11/2010,20.3058,13.6231
2/11/2010,20.6373,13.4707
3/11/2010,20.3661,13.6696
4/11/2010,20.449,13.9967
5/11/2010,20.2305,14.1769
8/11/2010,20.2003,14.1702
9/11/2010,20.3058,14.1235
10/11/2010,20.2983,14.0434
11/11/2010,20.1024,14.1569
12/11/2010,19.7935,14.3705
15/11/2010,19.7407,14.217
16/11/2010,19.5663,14.0635
17/11/2010,19.3844,14.0701
18/11/2010,19.5891,14.0301
19/11/2010,19.4754,14.1102
22/11/2010,19.5057,14.1836
23/11/2010,19.0433,14.0768
24/11/2010,19.2328,14.277
26/11/2010,19.1418,14.2437
29/11/2010,19.1873,14.237
30/11/2010,19.1494,14.1235
1/12/2010,19.7407,14.3371
2/12/2010,20.3851,14.484
3/12/2010,20.4836,14.4773
6/12/2010,20.3472,14.484
7/12/2010,20.3699,14.4039
8/12/2010,20.6428,14.5641
9/12/2010,20.5291,14.5574
10/12/2010,20.7262,14.6241
13/12/2010,20.658,14.3505
14/12/2010,20.9385,14.3304
15/12/2010,21.1129,14.2036
16/12/2010,21.219,14.217
17/12/2010,21.1508,14.3238
20/12/2010,21.0825,14.1702
21/12/2010,21.2796,14.0835
22/12/2010,21.3706,13.9433
23/12/2010,21.454,13.9099
27/12/2010,21.2796,13.9099
28/12/2010,21.2341,13.9366
29/12/2010,21.2038,13.9767
30/12/2010,21.1129,14.0301
31/12/2010,21.1583,14.0368
3/01/2011,21.2114,13.9166
4/01/2011,21.2948,14.1168
5/01/2011,21.2266,13.9767
6/01/2011,21.8482,13.8632
7/01/2011,21.6814,13.7898
10/01/2011,21.3933,13.8098
11/01/2011,21.31,14.0501
12/01/2011,21.6435,14.217
13/01/2011,21.3706,14.2103
14/01/2011,21.454,14.0701
18/01/2011,21.7269,14.0701
19/01/2011,21.5829,14.0234
20/01/2011,21.4919,13.9834
21/01/2011,21.2417,13.8966
24/01/2011,21.5146,14.1769
25/01/2011,21.5677,14.3838
26/01/2011,21.8179,14.5173
27/01/2011,21.8861,14.5173
28/01/2011,21.037,14.3238
31/01/2011,21.0219,14.3238
1/02/2011,21.219,14.3371
2/02/2011,21.1811,14.3905
3/02/2011,20.9612,14.5191
4/02/2011,21.0522,14.5931
7/02/2011,21.3782,14.5998
8/02/2011,21.4388,14.5662
9/02/2011,21.2038,14.445
10/02/2011,20.8475,14.6739
11/02/2011,20.658,14.647
14/02/2011,20.6428,14.5191
15/02/2011,20.559,14.4383
16/02/2011,20.6047,14.6402
17/02/2011,20.7496,14.7883
18/02/2011,20.6352,14.9027
22/02/2011,20.2768,14.6806
23/02/2011,20.2768,14.2364
24/02/2011,20.4141,14.3306
25/02/2011,20.2463,14.7143
28/02/2011,20.2692,14.4518
1/03/2011,19.9489,14.3979
2/03/2011,19.8879,14.4652
3/03/2011,19.9794,14.6672
4/03/2011,19.7888,14.5123
7/03/2011,19.6134,14.2768
8/03/2011,19.7582,14.2229
9/03/2011,19.743,14.27
10/03/2011,19.377,13.9941
11/03/2011,19.5829,14.0479
14/03/2011,19.5905,14.0277
15/03/2011,19.3617,13.5835
16/03/2011,18.9042,13.3344
17/03/2011,18.8965,13.395
18/03/2011,18.9118,13.4152
21/03/2011,19.316,13.5902
22/03/2011,19.2931,13.5633
23/03/2011,19.4761,13.6575
24/03/2011,19.682,13.7181
25/03/2011,19.5371,13.7113
28/03/2011,19.377,13.6911
29/03/2011,19.438,13.6508
30/03/2011,19.5295,13.7719
31/03/2011,19.3617,13.5835
1/04/2011,19.4303,13.2738
4/04/2011,19.4837,13.119
5/04/2011,19.6591,13.2671
6/04/2011,19.9413,13.4286
7/04/2011,19.9794,13.4825
8/04/2011,19.8803,13.4758
11/04/2011,19.8116,13.5431
12/04/2011,19.5524,13.3007
13/04/2011,19.5447,13.3142
14/04/2011,19.3846,13.1796
15/04/2011,19.3465,13.294
18/04/2011,19.1253,13.2065
19/04/2011,19.1787,13.368
20/04/2011,19.6439,14.4114
21/04/2011,19.4608,14.445
25/04/2011,19.5295,14.7681
26/04/2011,19.9718,15.1316
27/04/2011,20.1167,15.2326
28/04/2011,20.3683,15.347
29/04/2011,19.7659,15.5826
2/05/2011,19.5676,15.421
3/05/2011,19.682,15.6364
4/05/2011,19.8726,15.9424
5/05/2011,19.6667,16.017
6/05/2011,19.7278,15.7728
9/05/2011,19.6972,15.4404
10/05/2011,19.5752,15.6236
11/05/2011,19.3388,15.8813
12/05/2011,19.3083,16.0849
13/05/2011,19.0872,15.8813
16/05/2011,18.7364,16.0374
17/05/2011,18.8208,15.9763
18/05/2011,18.9513,16.2002
19/05/2011,18.9744,15.9695
20/05/2011,18.7978,15.7524
23/05/2011,18.5522,15.5082
24/05/2011,18.5368,15.3386
25/05/2011,18.5675,15.3861
26/05/2011,18.936,15.264
27/05/2011,19.0051,15.0673
31/05/2011,19.1969,15.2708
1/06/2011,18.7518,14.9248
2/06/2011,18.5906,14.9859
3/06/2011,18.3526,14.7416
6/06/2011,18.4294,14.8095
7/06/2011,18.4678,14.9655
8/06/2011,18.3757,14.8027
9/06/2011,18.391,14.762
10/06/2011,18.1991,14.5042
13/06/2011,18.4524,14.511
14/06/2011,18.5906,14.8027
15/06/2011,18.2221,14.5313
16/06/2011,18.4217,14.5313
17/06/2011,18.6213,14.3753
20/06/2011,18.7825,14.4703
21/06/2011,19.0051,14.6874
22/06/2011,18.9206,14.5178
23/06/2011,18.9053,14.7281
24/06/2011,18.652,14.3821
27/06/2011,19.3428,14.4771
28/06/2011,19.8033,14.5788
29/06/2011,19.6652,14.511
30/06/2011,19.9568,15.0333
1/07/2011,19.9722,15.2844
5/07/2011,19.9799,15.2233
6/07/2011,20.2101,15.4336
7/07/2011,20.5479,15.7592
8/07/2011,20.663,15.6643
11/07/2011,20.4404,15.5014
12/07/2011,20.3713,15.2301
13/07/2011,20.4404,15.2504
14/07/2011,20.3176,15.108
15/07/2011,20.5555,15.1758
18/07/2011,20.4097,15.1148
19/07/2011,21.1389,15.6439
20/07/2011,20.7705,15.5964
21/07/2011,20.8012,15.4743
22/07/2011,21.1312,15.6914
25/07/2011,21.4229,15.6236
26/07/2011,21.5534,15.5354
27/07/2011,20.9777,15.2844
28/07/2011,21.2771,15.2979
29/07/2011,21.0314,15.1487
1/08/2011,20.9317,15.0876
2/08/2011,20.5709,14.7348
3/08/2011,20.663,14.9404
4/08/2011,19.9108,14.2827
5/08/2011,19.7112,14.2416
8/08/2011,18.7901,13.7758
9/08/2011,19.6345,14.1115
10/08/2011,18.5752,13.6525
11/08/2011,19.3351,14.2211
12/08/2011,19.266,14.1457
15/08/2011,19.5807,14.3101
16/08/2011,19.5807,14.2416
17/08/2011,19.5035,14.1594
18/08/2011,19.0555,13.5429
19/08/2011,18.5766,13.1456
22/08/2011,18.5225,13.2757
23/08/2011,19.0941,13.5018
24/08/2011,19.2331,13.5635
25/08/2011,18.9782,13.3032
26/08/2011,19.5035,13.5429
29/08/2011,19.9592,13.906
30/08/2011,20.2605,13.8649
31/08/2011,20.5463,13.7895
1/09/2011,20.245,13.6936
2/09/2011,19.9283,13.4539
6/09/2011,19.7043,13.3854
7/09/2011,20.0828,13.7553
8/09/2011,20.2527,13.632
9/09/2011,19.882,13.495
12/09/2011,19.9978,13.8923
13/09/2011,20.1137,14.2211
14/09/2011,20.469,14.4677
15/09/2011,20.8475,14.7554
16/09/2011,20.9479,15.05
19/09/2011,21.0174,15.0226
20/09/2011,20.8398,15.2075
21/09/2011,20.0751,15.0294
22/09/2011,19.3567,14.8102
23/09/2011,19.3567,15.1801
26/09/2011,19.6502,15.2349
27/09/2011,19.8279,15.4404
28/09/2011,19.7584,15.2829
29/09/2011,19.658,15.2144
30/09/2011,19.2254,14.6184
3/10/2011,18.9474,14.1252
4/10/2011,19.573,14.5362
5/10/2011,19.9978,14.9678
6/10/2011,20.3454,15.0911
7/10/2011,20.2759,15.2692
10/10/2011,20.8089,15.6733
11/10/2011,20.8552,15.7487
12/10/2011,20.8243,15.8377
13/10/2011,20.9942,16.0227
14/10/2011,21.0638,16.098
17/10/2011,20.8398,15.9473
18/10/2011,21.0947,16.0295
19/10/2011,20.9556,16.605
20/10/2011,20.8861,16.1734
21/10/2011,20.9788,16.4611
24/10/2011,21.002,16.8447
25/10/2011,20.7085,16.8721
26/10/2011,20.5385,16.9201
27/10/2011,21.0483,17.2146
28/10/2011,20.8398,17.1119
31/10/2011,20.5694,16.8105
1/11/2011,20.0751,16.3721
2/11/2011,20.0905,16.3378
3/11/2011,20.4922,16.7248
4/11/2011,20.2759,16.4069
7/11/2011,20.7007,16.7801
8/11/2011,20.9788,17.1049
9/11/2011,20.2373,16.476
10/11/2011,20.2991,16.6281
11/11/2011,20.7857,17.174
14/11/2011,20.6698,17.022
15/11/2011,20.8099,17.5127
16/11/2011,20.2885,17.2362
17/11/2011,19.8761,16.8216
18/11/2011,19.6893,16.787
21/11/2011,19.4558,16.2894
22/11/2011,19.2924,16.0614
23/11/2011,19.0433,15.6882
25/11/2011,18.911,15.7089
28/11/2011,19.3546,16.2134
29/11/2011,19.3313,16.2963
30/11/2011,19.9072,17.2155
1/12/2011,19.6737,17.2224
2/12/2011,19.627,17.0289
5/12/2011,20.0006,17.2846
6/12/2011,19.9694,17.5196
7/12/2011,19.9227,17.7338
8/12/2011,19.7671,17.0773
9/12/2011,20.0006,17.2846
12/12/2011,19.8527,16.5866
13/12/2011,20.0473,16.2825
14/12/2011,19.915,16.1097
15/12/2011,19.8916,16.1097
16/12/2011,20.234,16.0545
19/12/2011,19.8683,15.9646
20/12/2011,20.2574,16.476
21/12/2011,20.0473,16.3654
22/12/2011,20.0862,16.6004
23/12/2011,20.2574,16.863
27/12/2011,20.2652,16.9736
28/12/2011,20.094,16.7456
29/12/2011,20.2496,16.9667
30/12/2011,20.2029,16.7594
3/01/2012,20.8333,16.9598
4/01/2012,21.3236,17.3537
5/01/2012,21.5415,17.5542
6/01/2012,21.8761,17.4505
9/01/2012,21.5882,17.6025
10/01/2012,21.666,17.6855
11/01/2012,21.5726,17.8306
12/01/2012,21.7905,17.796
13/01/2012,21.9851,17.3745
17/01/2012,21.9928,17.3054
18/01/2012,21.9695,17.5472
19/01/2012,21.8839,17.7131
20/01/2012,23.1213,18.2314
23/01/2012,23.1368,18.4595
24/01/2012,22.8333,18.5908
25/01/2012,23.0045,18.5908
26/01/2012,22.9578,18.4872
27/01/2012,22.7477,18.4733
30/01/2012,23.0435,18.4802
31/01/2012,22.9812,18.2591
1/02/2012,23.2613,18.3489
2/02/2012,23.308,18.3075
3/02/2012,23.5337,18.6279
6/02/2012,23.5026,18.614
7/02/2012,23.6193,18.5583
8/02/2012,23.8606,18.7045
9/02/2012,23.9462,18.7115
10/02/2012,23.7361,18.6001
13/02/2012,23.7983,18.6001
14/02/2012,23.6965,18.6558
15/02/2012,23.5398,18.5165
16/02/2012,24.5112,18.6906
17/02/2012,24.4799,19.0668
21/02/2012,24.6287,18.9205
22/02/2012,24.4955,18.6209
23/02/2012,24.5739,18.5722
24/02/2012,24.66,18.6001
27/02/2012,24.5582,18.7324
28/02/2012,24.9655,18.9762
29/02/2012,24.8637,18.7254
1/03/2012,25.2945,18.7115
2/03/2012,25.13,18.7533
5/03/2012,24.9107,18.4886
6/03/2012,24.7227,18.5374
7/03/2012,24.942,18.7463
8/03/2012,25.0752,18.6976
9/03/2012,25.0595,18.8578
12/03/2012,25.0987,18.8021
13/03/2012,25.5922,19.1504
14/03/2012,25.6705,19.1295
15/03/2012,25.7332,19.3315
16/03/2012,25.5374,19.3176
19/03/2012,25.224,19.3246
20/03/2012,25.0595,19.3315
21/03/2012,24.9969,19.3524
22/03/2012,25.0674,19.436
23/03/2012,25.0752,19.4221
26/03/2012,25.5295,19.638
27/03/2012,25.4747,19.638
28/03/2012,25.2162,19.3663
29/03/2012,25.1614,19.6171
30/03/2012,25.271,19.5893
2/04/2012,25.2945,19.7704
3/04/2012,25.0204,19.5823
4/04/2012,24.4485,19.4569
5/04/2012,24.6914,19.5544
9/04/2012,24.3623,19.3385
10/04/2012,23.8688,19.1225
11/04/2012,23.7748,19.4012
12/04/2012,24.2684,19.84
13/04/2012,24.1352,19.5684
16/04/2012,24.3467,19.7913
17/04/2012,24.6287,19.8331
18/04/2012,24.3937,19.4708
19/04/2012,24.2918,19.2897
20/04/2012,25.3964,19.227
23/04/2012,25.1614,19.1225
24/04/2012,25.0047,19.025
25/04/2012,25.224,19.4081
26/04/2012,25.1535,19.6589
27/04/2012,25.0517,19.7704
30/04/2012,25.083,19.7843
1/05/2012,25.0752,20.1675
2/05/2012,24.9107,20.3277
3/05/2012,24.8794,20.04
4/05/2012,24.2684,19.5769
7/05/2012,24.0098,19.4787
8/05/2012,23.8923,19.205
9/05/2012,24.096,19.0787
10/05/2012,24.0803,19.1138
11/05/2012,24.4094,19.3874
14/05/2012,24.0333,18.9594
15/05/2012,23.8204,18.8612
16/05/2012,23.576,18.5945
17/05/2012,23.4341,18.377
18/05/2012,23.0793,18.2928
21/05/2012,23.4577,18.349
22/05/2012,23.4656,18.2648
23/05/2012,22.9531,17.8508
24/05/2012,22.9216,17.9981
25/05/2012,22.9137,18.0613
29/05/2012,23.3079,18.3069
30/05/2012,23.1345,18.3349
31/05/2012,23.0162,18.1314
1/06/2012,22.4327,17.6403
4/06/2012,22.5115,17.5701
5/06/2012,22.48,17.8437
6/06/2012,23.1423,18.2928
7/06/2012,23.0477,18.2016
8/06/2012,23.3789,18.5314
11/06/2012,22.7875,18.2367
12/06/2012,23.095,18.6086
13/06/2012,22.9689,18.6226
14/06/2012,23.1345,18.9314
15/06/2012,23.6706,19.184
18/06/2012,23.5287,19.2401
19/06/2012,24.2068,19.3032
20/06/2012,24.3882,19.3945
21/06/2012,23.7652,18.7419
22/06/2012,24.2068,18.9033
25/06/2012,23.5524,18.2788
26/06/2012,23.6706,18.2507
27/06/2012,23.7889,18.3981
28/06/2012,23.5839,18.1244
29/06/2012,24.1201,18.6998
2/07/2012,24.0964,18.7138
3/07/2012,24.2541,18.8471
5/07/2012,24.2068,18.6296
6/07/2012,23.8047,18.356
9/07/2012,23.6549,18.363
10/07/2012,23.4499,17.935
11/07/2012,23.1029,17.8157
12/07/2012,22.5746,17.3596
13/07/2012,23.1739,17.7174
16/07/2012,23.2133,17.6332
17/07/2012,23.3868,17.8087
18/07/2012,24.0097,18.3911
19/07/2012,24.1832,18.2858
20/07/2012,23.7495,17.9069
23/07/2012,23.0871,17.7245
24/07/2012,22.9846,17.549
25/07/2012,22.7323,17.6332
26/07/2012,22.9925,17.8929
27/07/2012,23.4656,18.2577
30/07/2012,23.371,18.0753
31/07/2012,23.237,18.0332
1/08/2012,23.1896,18.1946
2/08/2012,23.0162,18.1806
3/08/2012,23.4577,18.5663
6/08/2012,23.6154,18.6229
7/08/2012,23.8599,18.7574
8/08/2012,23.9151,18.8282
9/08/2012,24.0491,18.899
10/08/2012,23.986,19.0264
13/08/2012,23.9624,18.8919
14/08/2012,23.9147,18.7433
15/08/2012,23.9703,18.5946
16/08/2012,24.4307,18.8211
17/08/2012,24.5259,18.6371
20/08/2012,24.3989,18.5663
21/08/2012,24.4465,18.4814
22/08/2012,24.2402,18.2124
23/08/2012,24.0179,17.724
24/08/2012,24.256,17.632
27/08/2012,24.3592,17.5824
28/08/2012,24.3116,17.6957
29/08/2012,24.3275,17.4621
30/08/2012,24.0656,17.179
31/08/2012,24.4624,17.5754
4/09/2012,24.1211,17.2852
5/09/2012,24.1211,17.2639
6/09/2012,24.8831,17.7665
7/09/2012,24.5656,17.1223
10/09/2012,24.383,16.4641
11/09/2012,24.4386,16.5207
12/09/2012,24.4307,16.4145
13/09/2012,24.5577,16.5349
14/09/2012,24.772,16.5419
17/09/2012,24.772,16.4995
18/09/2012,24.7482,16.5419
19/09/2012,24.645,16.3862
20/09/2012,24.9625,16.4074
21/09/2012,24.7561,16.3721
24/09/2012,24.4307,16.1385
25/09/2012,24.1211,15.9544
26/09/2012,23.9465,16.0323
27/09/2012,23.9386,16.3437
28/09/2012,23.6211,16.0394
1/10/2012,23.4068,16.1102
2/10/2012,23.5417,16.1668
3/10/2012,23.7004,15.9615
4/10/2012,23.8354,15.9049
5/10/2012,23.6925,16.0535
8/10/2012,23.6369,15.9332
9/10/2012,23.2401,15.5014
10/10/2012,23.002,15.4023
11/10/2012,22.9782,15.3457
12/10/2012,23.1766,15.2041
15/10/2012,23.4226,15.3811
16/10/2012,23.4068,15.8199
17/10/2012,23.4861,15.4236
18/10/2012,23.4147,15.3386
19/10/2012,22.7321,15.0555
22/10/2012,22.2241,15.19
23/10/2012,22.2638,15.282
24/10/2012,22.1448,15.19
25/10/2012,22.1289,15.3528
26/10/2012,22.3908,15.5368
31/10/2012,22.6527,15.3103
1/11/2012,23.4306,15.7562
2/11/2012,23.4147,15.6147
5/11/2012,23.5179,15.6183
6/11/2012,23.7004,15.5396
7/11/2012,23.0814,14.9532
8/11/2012,22.867,14.896
9/11/2012,22.8829,14.8745
12/11/2012,22.3988,14.8531
13/11/2012,21.6785,14.5027
14/11/2012,21.4785,14.2738
15/11/2012,21.3344,14.3239
16/11/2012,21.2224,14.4383
19/11/2012,21.3904,14.4812
20/11/2012,21.3744,13.952
21/11/2012,21.5665,13.8448
23/11/2012,22.1667,14.1022
26/11/2012,21.9186,14.2238
27/11/2012,21.6705,14.2524
28/11/2012,21.8946,14.3668
29/11/2012,21.5665,13.9663
30/11/2012,21.3024,13.9949
3/12/2012,21.1504,13.9735
4/12/2012,21.1024,14.281
5/12/2012,21.3424,14.1952
6/12/2012,21.3904,14.4168
7/12/2012,21.1744,14.4168
10/12/2012,21.5585,14.3596
11/12/2012,21.8626,14.7673
12/12/2012,21.7986,14.7816
13/12/2012,21.6945,14.6528
14/12/2012,21.4545,14.6814
17/12/2012,21.6865,14.7101
18/12/2012,22.0546,14.9889
19/12/2012,21.8546,15.0891
20/12/2012,22.1507,15.039
21/12/2012,21.9666,14.8531
24/12/2012,21.6545,14.7601
26/12/2012,21.4945,14.7673
27/12/2012,21.5745,14.6671
28/12/2012,21.2464,14.4669
31/12/2012,21.3744,14.7458
2/01/2013,22.1027,15.2893
3/01/2013,21.8066,15.2464
4/01/2013,21.3984,15.132
7/01/2013,21.3584,15.1963
8/01/2013,21.2464,15.0819
9/01/2013,21.3664,15.3394
10/01/2013,21.1744,15.5896
11/01/2013,21.4705,15.7327
14/01/2013,21.5185,15.7327
15/01/2013,21.7746,15.6469
16/01/2013,21.6385,15.8113
17/01/2013,21.8066,16.219
18/01/2013,21.8066,15.1963
22/01/2013,21.7265,15.1391
23/01/2013,22.0947,15.0962
24/01/2013,22.1107,14.9818
25/01/2013,22.3107,14.9889
28/01/2013,22.3347,15.0533
29/01/2013,22.4147,15.2178
30/01/2013,22.2867,15.2821
31/01/2013,21.9666,15.0461
1/02/2013,22.3507,15.275
4/02/2013,21.9586,15.132
5/02/2013,22.0066,15.3091
6/02/2013,21.8786,15.1717
7/02/2013,21.8306,15.0416
8/02/2013,22.0466,15.179
11/02/2013,22.2947,15.2006
12/02/2013,22.3107,15.3163
13/02/2013,22.4308,15.3597
14/02/2013,22.4388,15.3452
15/02/2013,22.4147,15.2657
19/02/2013,22.6326,15.244
20/02/2013,22.4874,14.9838
21/02/2013,22.1808,14.6368
22/02/2013,22.3986,14.7597
25/02/2013,22.0839,14.6224
26/02/2013,22.0839,14.8754
27/02/2013,22.439,15.1284
28/02/2013,22.4309,15.0922
1/03/2013,22.5519,15.2006
4/03/2013,22.7133,15.3741
5/03/2013,22.8747,15.5476
6/03/2013,22.6649,15.7211
7/03/2013,22.7052,15.8222
8/03/2013,22.5923,15.5982
11/03/2013,22.4874,15.6777
12/03/2013,22.5196,15.6415
13/03/2013,22.5277,15.656
14/03/2013,22.7052,15.6488
15/03/2013,22.6245,15.4536
18/03/2013,22.6729,15.3669
19/03/2013,22.7375,15.2801
20/03/2013,22.8505,15.3091
21/03/2013,22.681,15.2079
22/03/2013,22.794,15.4175
25/03/2013,22.7214,15.2874
26/03/2013,22.7214,15.7355
27/03/2013,22.8908,15.7789
28/03/2013,23.0844,15.7861
1/04/2013,23.0844,15.4898
2/04/2013,23.2378,15.5114
3/04/2013,23.0441,15.2151
4/04/2013,23.0764,15.2801
5/04/2013,23.1571,15.1356
8/04/2013,23.0683,15.244
9/04/2013,23.8913,15.7211
10/04/2013,24.4319,16.0897
11/04/2013,23.3507,15.7789
12/04/2013,23.2297,15.6705
15/04/2013,23.149,15.4536
16/04/2013,23.3749,15.8439
17/04/2013,23.262,15.8512
18/04/2013,23.2297,16.0752
19/04/2013,24.0204,16.2198
22/04/2013,24.8757,16.5378
23/04/2013,24.6901,16.8992
24/04/2013,25.6261,17.1016
25/04/2013,25.7713,16.8992
26/04/2013,25.6503,16.9137
29/04/2013,26.3119,17.1739
30/04/2013,26.7073,17.3112
1/05/2013,26.4007,17.3401
2/05/2013,26.7557,17.4269
3/05/2013,27.022,17.4816
6/05/2013,27.2317,17.4451
7/05/2013,26.8767,17.6202
8/05/2013,26.6185,17.6932
9/05/2013,26.3523,17.7735
10/05/2013,26.3765,17.8756
13/05/2013,26.6508,17.5692
14/05/2013,27.2439,17.3941
15/05/2013,27.5039,17.6567
16/05/2013,27.6908,17.467
17/05/2013,28.3327,17.54
20/05/2013,28.5034,17.5692
21/05/2013,28.3165,17.6202
22/05/2013,28.1215,17.5619
23/05/2013,27.7477,17.5473
24/05/2013,27.8452,17.4524
28/05/2013,28.4546,17.5692
29/05/2013,28.3408,17.7078
30/05/2013,28.4627,17.664
31/05/2013,28.3571,17.7151
3/06/2013,28.9178,18.4155
4/06/2013,28.4302,18.5031
5/06/2013,28.2596,18.0215
6/06/2013,28.4059,17.985
7/06/2013,28.9828,17.9413
10/06/2013,28.8202,18.2477
11/06/2013,28.3083,18.0288
12/06/2013,28.4384,17.8464
13/06/2013,28.2108,18.2331
14/06/2013,27.9508,18.182
17/06/2013,28.4384,18.3134
18/06/2013,28.4221,18.5833
19/06/2013,28.1052,18.2404
20/06/2013,27.2114,17.6494
21/06/2013,27.0327,17.6567
24/06/2013,27.3983,17.2043
25/06/2013,27.3577,17.4232
26/06/2013,27.9102,17.5181
27/06/2013,28.1296,17.5473
28/06/2013,28.0646,17.6786
1/07/2013,27.9183,17.4305
2/07/2013,27.5771,17.3065
3/07/2013,27.6339,17.3357
5/07/2013,27.7965,17.5546
8/07/2013,27.894,16.9198
9/07/2013,27.9102,16.8833
10/07/2013,28.1946,16.9636
11/07/2013,28.999,17.5035
12/07/2013,28.9828,17.4378
15/07/2013,29.389,17.467
16/07/2013,29.4703,17.6932
17/07/2013,29.0396,17.6202
18/07/2013,28.7959,16.9563
19/07/2013,25.5133,16.8104
22/07/2013,26.0089,16.6134
23/07/2013,25.8545,16.5988
24/07/2013,25.9683,16.7301
25/07/2013,25.5051,16.8249
26/07/2013,25.692,16.9709
29/07/2013,25.627,16.9563
30/07/2013,25.8789,17.0584
31/07/2013,25.8708,17.0292
1/08/2013,25.7327,16.9271
2/08/2013,25.9114,16.9417
5/08/2013,25.757,16.8864
6/08/2013,25.6595,16.798
7/08/2013,26.0495,16.7243
8/08/2013,26.7239,16.5402
9/08/2013,26.5695,16.5844
12/08/2013,26.7077,16.6801
13/08/2013,26.3722,16.5917
14/08/2013,26.4704,16.6286
15/08/2013,26.0122,16.2307
16/08/2013,26.0203,16.1423
19/08/2013,25.6849,16.4149
20/08/2013,25.8731,16.5917
21/08/2013,25.8649,16.3339
22/08/2013,26.5031,16.4002
23/08/2013,28.4342,16.5328
26/08/2013,27.9432,16.4075
27/08/2013,27.215,16.3486
28/08/2013,27.0186,16.4223
29/08/2013,27.4523,16.2528
30/08/2013,27.3296,16.1939
3/09/2013,26.0858,16.2602
4/09/2013,25.5294,16.6801
5/09/2013,25.5539,16.6507
6/09/2013,25.4885,16.7022
9/09/2013,25.9058,16.8791
10/09/2013,26.5031,16.9306
11/09/2013,26.7895,16.8054
12/09/2013,26.7486,16.6728
13/09/2013,27.0268,17.2695
16/09/2013,26.8386,17.2327
17/09/2013,26.945,17.4906
18/09/2013,27.2641,17.6084
19/09/2013,27.5259,17.6158
20/09/2013,26.8304,17.5127
23/09/2013,26.7895,17.4022
24/09/2013,26.5522,17.4611
25/09/2013,26.6013,17.4611
26/09/2013,26.814,17.2474
27/09/2013,27.2232,16.9306
30/09/2013,27.2314,16.8864
1/10/2013,27.4768,16.8201
2/10/2013,27.755,16.8643
3/10/2013,27.7059,16.6507
4/10/2013,27.7223,16.8054
7/10/2013,27.2477,16.8201
8/10/2013,27.0104,16.5623
9/10/2013,27.0595,16.6433
10/10/2013,27.6241,17.0191
11/10/2013,27.9269,17.1369
14/10/2013,28.1887,17.2769
15/10/2013,28.2214,17.2327
16/10/2013,28.3442,17.4611
17/10/2013,28.5733,17.6232
18/10/2013,28.606,17.5937
21/10/2013,28.6306,17.7853
22/10/2013,28.2951,17.7337
23/10/2013,27.6241,17.4906
24/10/2013,27.5914,17.52
25/10/2013,29.2361,17.8589
28/10/2013,29.1052,17.9474
29/10/2013,29.0642,18.0652
30/10/2013,29.0806,18.0505
31/10/2013,28.9742,18.0284
1/11/2013,29.0724,17.9253
4/11/2013,29.4079,17.8737
5/11/2013,29.9807,17.87
6/11/2013,31.2408,18.0336
7/11/2013,30.6844,17.8923
8/11/2013,30.9135,17.9146
11/11/2013,30.758,17.9741
12/11/2013,30.5698,18.1674
13/11/2013,31.2244,18.2938
14/11/2013,31.1099,18.1377
15/11/2013,30.9626,18.2344
18/11/2013,30.4389,18.2938
19/11/2013,30.2905,18.3682
20/11/2013,30.5708,18.2641
21/11/2013,30.8346,18.7623
22/11/2013,30.9748,17.751
25/11/2013,31.0325,17.6617
26/11/2013,30.7934,17.5874
27/11/2013,30.9995,17.7733
29/11/2013,31.4365,17.7287
2/12/2013,31.7003,17.6246
3/12/2013,31.5849,17.513
4/12/2013,32.1043,17.6543
5/12/2013,31.3293,18.041
6/12/2013,31.6261,18.4575
9/12/2013,31.9147,18.5392
10/12/2013,31.42,18.4575
11/12/2013,31.0078,18.16
12/12/2013,30.6862,18.1972
13/12/2013,30.2493,18.0633
16/12/2013,30.4142,18.1823
17/12/2013,30.1091,18.3385
18/12/2013,30.1586,18.7029
19/12/2013,29.8865,18.6954
20/12/2013,30.34,18.6359
23/12/2013,30.1916,18.8293
24/12/2013,30.5708,18.9111
26/12/2013,30.8676,19.1119
27/12/2013,30.744,19.0375
30/12/2013,30.744,19.2234
31/12/2013,30.8429,19.3052
2/01/2014,30.6368,19.1788
3/01/2014,30.4306,19.1714
6/01/2014,29.7876,18.9334
7/01/2014,30.0184,19.0301
8/01/2014,29.4825,18.9111
9/01/2014,29.2929,18.8218
10/01/2014,29.7134,18.9854
13/01/2014,28.8394,18.9631
14/01/2014,29.499,19.7142
15/01/2014,30.307,19.8332
16/01/2014,30.4142,19.7365
17/01/2014,29.9937,19.2234
21/01/2014,29.8206,19.0301
22/01/2014,29.6227,18.8218
23/01/2014,29.7299,18.688
24/01/2014,30.3482,18.45
27/01/2014,29.7051,18.3831
28/01/2014,29.903,18.5169
29/01/2014,30.2245,18.3533
30/01/2014,30.3894,18.398
31/01/2014,31.1974,18.2492
3/02/2014,30.0761,17.8105
4/02/2014,29.969,17.7138
5/02/2014,29.532,17.6575
6/02/2014,29.8288,18.0103
7/02/2014,30.1421,18.1755
10/02/2014,30.34,18.2356
11/02/2014,30.645,18.3707
12/02/2014,30.8924,18.4308
13/02/2014,31.0078,18.5434
14/02/2014,31.016,18.5884
18/02/2014,31.0825,18.5884
19/02/2014,31.1572,18.3932
20/02/2014,31.3566,18.5734
21/02/2014,31.5476,18.3332
24/02/2014,31.3067,18.4908
25/02/2014,31.1822,18.4833
26/02/2014,31.124,18.6184
27/02/2014,31.4479,18.5884
28/02/2014,31.8217,18.5884
3/03/2014,31.3815,18.3932
4/03/2014,31.9048,18.4758
5/03/2014,31.6556,18.3932
6/03/2014,31.6888,18.4908
7/03/2014,31.4812,18.4983
10/03/2014,31.4147,18.6485
11/03/2014,31.5809,18.5659
12/03/2014,31.7885,18.5884
13/03/2014,31.4729,18.4458
14/03/2014,31.315,18.3932
17/03/2014,31.6058,18.5434
18/03/2014,32.8517,18.6335
19/03/2014,32.6191,18.7836
20/03/2014,33.4996,19.0914
21/03/2014,33.3584,18.8962
24/03/2014,33.6408,18.8587
25/03/2014,33.5079,19.1139
26/03/2014,33.0511,19.0539
27/03/2014,32.6939,19.0013
28/03/2014,33.4747,19.2341
31/03/2014,34.0478,19.3767
1/04/2014,34.405,19.5118
2/04/2014,34.3469,19.4368
3/04/2014,34.0645,19.8271
4/04/2014,33.1175,19.6395
7/04/2014,33.0594,19.8872
8/04/2014,33.076,20.2025
9/04/2014,33.6159,20.2551
10/04/2014,32.6939,19.8422
11/04/2014,32.5693,19.6545
14/04/2014,32.5444,19.9398
15/04/2014,33.0179,20.0974
16/04/2014,33.5578,20.2175
17/04/2014,33.2338,20.3001
21/04/2014,33.1757,20.2325
22/04/2014,33.2172,20.15
23/04/2014,32.968,20.0824
24/04/2014,33.1092,20.0824
25/04/2014,33.1508,19.7145
28/04/2014,33.9482,19.7671
29/04/2014,33.6491,19.8797
30/04/2014,33.5578,20.0373
1/05/2014,33.2255,19.8572
2/05/2014,32.968,19.8271
5/05/2014,32.7521,19.8158
6/05/2014,32.4447,19.8385
7/05/2014,32.7437,19.9672
8/05/2014,32.9265,19.9445
9/05/2014,32.8434,19.9142
12/05/2014,33.2006,19.9672
13/05/2014,33.8112,20.0278
14/05/2014,33.6607,19.9369
15/05/2014,33.1253,19.6946
16/05/2014,33.3177,19.5508
19/05/2014,33.2508,19.7174
20/05/2014,33.1922,19.7174
21/05/2014,33.7527,19.8385
22/05/2014,33.5436,19.8006
23/05/2014,33.5603,19.9066
27/05/2014,33.6188,20.2247
28/05/2014,33.4683,20.3534
29/05/2014,33.7443,20.414
30/05/2014,34.2462,20.6866
2/06/2014,34.1207,20.6411
3/06/2014,33.7025,20.944
4/06/2014,33.7276,20.8986
5/06/2014,34.4721,20.944
6/06/2014,34.6979,21.3302
9/06/2014,34.5223,21.1333
10/06/2014,34.3884,21.3832
11/06/2014,34.1793,21.1484
12/06/2014,33.9451,21.1712
13/06/2014,34.4888,22.6174
16/06/2014,34.7146,22.7234
17/06/2014,34.8652,22.678
18/06/2014,34.8401,22.6628
19/06/2014,34.723,22.784
20/06/2014,34.8652,22.8673
23/06/2014,35.1246,22.89
24/06/2014,34.9238,23.0944
25/06/2014,35.158,23.3822
26/06/2014,34.8987,23.3065
27/06/2014,35.342,23.42
30/06/2014,34.8819,23.3973
1/07/2014,35.0242,23.4579
2/07/2014,35.0492,23.4579
3/07/2014,34.9656,23.579
7/07/2014,35.1246,23.4958
8/07/2014,34.9489,23.314
9/07/2014,34.8569,23.3897
10/07/2014,34.8736,23.6699
11/07/2014,35.2082,23.6623
14/07/2014,35.25,23.8441
15/07/2014,35.5093,24.0106
16/07/2014,36.8728,26.2368
17/07/2014,37.2492,25.5175
18/07/2014,37.3831,25.5175
21/07/2014,37.5085,25.7901
22/07/2014,37.5002,26.3428
23/07/2014,37.5336,26.1232
24/07/2014,37.1405,25.9339
25/07/2014,37.2242,25.9339
28/07/2014,36.7808,25.9188
29/07/2014,36.7139,25.8885
30/07/2014,36.4546,26.0096
31/07/2014,36.1032,25.6613
1/08/2014,35.8523,25.5478
4/08/2014,36.2789,25.7825
5/08/2014,36.0363,25.0164
6/08/2014,35.7519,25.0393
7/08/2014,36.1618,24.9097
8/08/2014,36.1367,24.8487
11/08/2014,36.1367,25.1689
12/08/2014,36.4044,25.2527
13/08/2014,36.8728,25.9921
14/08/2014,37.0318,25.8701
15/08/2014,37.4667,26.0454
18/08/2014,37.7344,26.2284
19/08/2014,38.1553,26.175
20/08/2014,37.8354,26.297
21/08/2014,38.0627,26.7924
22/08/2014,38.0038,26.6324
25/08/2014,38.0206,26.5333
26/08/2014,37.8859,26.5257
27/08/2014,37.7681,26.518
28/08/2014,37.7765,26.4113
29/08/2014,38.2395,26.6171
2/09/2014,37.9533,26.3503
3/09/2014,37.8438,26.3503
4/09/2014,38.0963,26.6095
5/09/2014,38.6435,26.6781
8/09/2014,39.1148,26.9296
9/09/2014,39.3589,26.6095
10/09/2014,39.4263,26.6933
11/09/2014,39.5609,26.6933
12/09/2014,39.3084,26.3885
15/09/2014,38.9212,26.3275
16/09/2014,39.3589,26.6247
17/09/2014,39.1569,26.6629
18/09/2014,39.2916,26.8077
19/09/2014,39.9986,26.5409
22/09/2014,39.6115,26.457
23/09/2014,39.1906,26.236
24/09/2014,39.6283,26.4875
25/09/2014,38.7529,26.0226
26/09/2014,39.0643,26.1141
29/09/2014,39.0896,26.6019
30/09/2014,39.0222,26.5409
1/10/2014,38.6351,25.9082
2/10/2014,38.5172,25.55
3/10/2014,38.795,25.9387
6/10/2014,38.795,25.9997
7/10/2014,38.3236,25.5119
8/10/2014,39.3758,26.1217
9/10/2014,38.593,25.6262
10/10/2014,37.061,24.3228
13/10/2014,36.7412,23.9874
14/10/2014,36.8085,24.4981
15/10/2014,36.3792,23.8426
16/10/2014,35.9752,23.5148
17/10/2014,36.7244,23.9188
20/10/2014,37.1031,24.0713
21/10/2014,37.7765,24.8564
22/10/2014,37.3556,24.5972
23/10/2014,37.8943,24.9173
24/10/2014,38.8287,25.2908
27/10/2014,38.6435,25.3061
28/10/2014,39.1317,25.7177
29/10/2014,39.2411,25.8549
30/10/2014,38.7613,24.8335
31/10/2014,39.5189,25.9235
3/11/2014,39.9313,26.1522
4/11/2014,40.0407,26.3275
5/11/2014,40.2848,25.9017
6/11/2014,40.9919,25.9477
7/11/2014,40.9751,25.7636
10/11/2014,41.1518,25.518
11/11/2014,41.135,25.5564
12/11/2014,41.0592,25.6101
13/11/2014,41.7578,25.8403
14/11/2014,41.7326,26.0474
17/11/2014,41.6316,26.2699
18/11/2014,41.2843,26.6305
19/11/2014,40.8439,26.3543
20/11/2014,41.2504,27.5819
21/11/2014,40.6405,27.3057
24/11/2014,40.3102,27.8121
25/11/2014,40.2086,27.8658
26/11/2014,40.4457,28.3108
28/11/2014,40.4966,28.5793
1/12/2014,41.1827,28.5179
2/12/2014,41.0471,28.8478
3/12/2014,40.7253,28.7174
4/12/2014,41.369,28.7404
5/12/2014,41.0133,28.9015
8/12/2014,40.4034,28.5409
9/12/2014,40.3102,28.3031
10/12/2014,39.7257,27.9425
11/12/2014,39.9545,28.1573
12/12/2014,39.7681,27.7967
15/12/2014,39.531,27.5589
16/12/2014,38.2519,27.2827
17/12/2014,38.7432,27.8044
18/12/2014,40.2509,28.4028
19/12/2014,40.3695,27.9041
22/12/2014,40.6405,28.5486
23/12/2014,41.0387,28.7174
24/12/2014,40.7761,28.7251
26/12/2014,40.5559,28.8095
29/12/2014,40.1916,28.5256
30/12/2014,39.8274,28.2034
31/12/2014,39.3446,27.8427
2/01/2015,39.6072,27.8965
5/01/2015,39.243,27.5819
6/01/2015,38.667,27.0679
7/01/2015,39.1582,27.6356
8/01/2015,40.3102,28.1496
9/01/2015,39.9714,28.2034
12/01/2015,39.4716,28.0806
13/01/2015,39.2684,28.0039
14/01/2015,38.9296,27.8888
15/01/2015,38.523,27.766
16/01/2015,39.1667,27.9655
20/01/2015,39.2938,27.6893
21/01/2015,38.8957,27.9885
22/01/2015,39.9206,28.3184
23/01/2015,39.9629,27.9655
26/01/2015,39.8189,27.4745
27/01/2015,36.1344,26.2316
28/01/2015,34.8892,25.917
29/01/2015,35.5838,26.2469
30/01/2015,34.2201,25.3493
2/02/2015,34.9654,25.8173
3/02/2015,35.2365,25.8556
4/02/2015,35.4398,25.9638
5/02/2015,35.9565,26.2265
6/02/2015,35.9226,25.732
9/02/2015,35.8802,25.4461
10/02/2015,36.0835,26.0411
11/02/2015,35.8972,25.9252
12/02/2015,36.4986,26.3734
13/02/2015,37.1593,26.5511
17/02/2015,37.1763,26.8447
18/02/2015,37.1337,26.4815
19/02/2015,37.1081,26.4352
20/02/2015,37.4152,26.5897
23/02/2015,37.6626,26.0874
24/02/2015,37.6114,26.5897
25/02/2015,37.5261,26.2343
26/02/2015,37.5858,26.0024
27/02/2015,37.4066,25.6934
2/03/2015,37.4322,26.3193
3/03/2015,36.9204,26.3502
4/03/2015,36.7327,26.3656
5/03/2015,36.7754,26.0643
6/03/2015,36.1356,25.647
9/03/2015,36.5536,25.2838
10/03/2015,35.8541,24.4956
11/03/2015,35.8114,24.9824
12/03/2015,34.9925,23.8002
13/03/2015,35.2996,23.9006
16/03/2015,35.4531,23.8233
17/03/2015,35.5726,23.6379
18/03/2015,36.255,23.8697
19/03/2015,36.0759,23.7538
20/03/2015,36.5792,24.1943
23/03/2015,36.5621,24.1093
24/03/2015,36.5962,23.7924
25/03/2015,35.3678,23.097
26/03/2015,35.1546,23.2438
27/03/2015,34.9498,24.7274
30/03/2015,34.9413,24.3102
31/03/2015,34.6854,24.1633
1/04/2015,34.7366,23.8079
2/04/2015,34.3698,23.8079
6/04/2015,35.4446,23.9856
7/04/2015,35.4275,24.1556
8/04/2015,35.3337,24.1943
9/04/2015,35.3849,24.1402
10/04/2015,35.5896,24.6733
13/04/2015,35.6238,24.5188
14/04/2015,35.5299,24.3333
15/04/2015,36.0503,25.3688
16/04/2015,35.965,25.3997
17/04/2015,35.5043,25.0906
20/04/2015,36.6048,25.2915
21/04/2015,36.3744,25.0597
22/04/2015,36.673,25.2683
23/04/2015,36.9716,24.9979
24/04/2015,40.836,24.7893
27/04/2015,40.9724,25.1138
28/04/2015,41.9364,25.5156
29/04/2015,41.8511,25.4152
30/04/2015,41.4928,25.1524
1/05/2015,41.5099,25.8247
4/05/2015,41.1516,25.8324
5/05/2015,40.6056,25.4044
6/05/2015,39.4796,25.0775
7/05/2015,39.8379,25.093
8/05/2015,40.7336,25.5289
11/05/2015,40.4094,25.4433
12/05/2015,40.3924,25.1008
13/05/2015,40.6312,25.4044
14/05/2015,41.561,25.6612
15/05/2015,41.2028,25.6768
18/05/2015,40.9554,26.0037
19/05/2015,40.8523,25.8013
20/05/2015,40.8523,25.9725
21/05/2015,40.715,26.1126
22/05/2015,40.2685,26.0348
26/05/2015,40.0023,25.7624
27/05/2015,40.8781,26.2372
28/05/2015,40.7407,26.4707
29/05/2015,40.2342,26.8209
1/06/2015,40.5518,26.3928
2/06/2015,40.2857,25.8947
3/06/2015,40.2255,25.4744
4/06/2015,39.8048,25.1475
5/06/2015,39.6159,24.7817
8/06/2015,39.2639,24.3614
9/06/2015,39.1952,24.3225
10/06/2015,40.0195,24.7661
11/06/2015,39.8735,24.7895
12/06/2015,39.47,24.377
15/06/2015,39.0493,24.4315
16/06/2015,39.3498,24.6261
17/06/2015,39.47,24.8673
18/06/2015,40.1139,25.202
19/06/2015,39.5816,24.9607
22/06/2015,39.6932,25.1086
23/06/2015,39.4185,24.9763
24/06/2015,39.1867,24.8362
25/06/2015,39.1952,24.8985
26/06/2015,38.8604,24.1435
29/06/2015,38.0962,23.6532
30/06/2015,37.9073,23.6765
1/07/2015,38.1649,23.4897
2/07/2015,38.122,23.7855
6/07/2015,38.1134,23.3807
7/07/2015,38.0361,23.2718
8/07/2015,37.9846,22.9604
9/07/2015,38.225,22.5168
10/07/2015,38.3023,22.7036
13/07/2015,39.1008,23.1395
14/07/2015,39.1695,23.0772
15/07/2015,39.2897,23.1083
16/07/2015,40.0624,23.2718
17/07/2015,40.0281,22.9371
20/07/2015,40.2857,22.6491
21/07/2015,40.5948,22.3534
22/07/2015,39.1008,22.2677
23/07/2015,39.5902,22.26
24/07/2015,39.4442,21.8397
27/07/2015,38.9377,22.0654
28/07/2015,38.9291,22.5402
29/07/2015,39.7447,22.5791
30/07/2015,40.2513,22.5012
31/07/2015,40.0968,22.5324
3/08/2015,40.1912,22.6102
4/08/2015,40.818,22.6725
5/08/2015,40.8523,22.853
6/08/2015,40.0281,22.7666
7/08/2015,40.1311,22.6646
10/08/2015,40.6377,23.2611
11/08/2015,39.8478,22.7353
12/08/2015,40.1311,23.1198
13/08/2015,40.1225,22.6568
14/08/2015,40.3544,22.7745
17/08/2015,40.6291,22.8216
18/08/2015,40.8538,22.6882
19/08/2015,40.2834,22.2565
20/08/2015,39.4624,21.6052
21/08/2015,37.2239,20.8439
24/08/2015,36.0226,20.6006
25/08/2015,34.9768,20.3024
26/08/2015,36.9128,21.4247
27/08/2015,37.9412,21.7543
28/08/2015,37.9672,22.3036
31/08/2015,37.6128,22.3978
1/09/2015,36.1436,21.8327
2/09/2015,37.4745,22.4449
3/09/2015,37.5955,22.8216
4/09/2015,36.8264,22.3821
8/09/2015,37.9326,23.1512
9/09/2015,37.2239,22.9471
10/09/2015,37.4141,22.9707
11/09/2015,37.5782,23.1276
14/09/2015,37.198,23.0649
15/09/2015,38.0104,23.3317
16/09/2015,38.2869,23.3631
17/09/2015,38.2437,23.316
18/09/2015,37.5782,22.7745
21/09/2015,38.1227,22.8844
22/09/2015,37.9412,22.4998
23/09/2015,37.9153,22.5547
24/09/2015,37.9499,22.3507
25/09/2015,37.9758,22.6097
28/09/2015,37.4141,22.5704
29/09/2015,37.5437,22.9471
30/09/2015,38.2524,23.6534
1/10/2015,38.5549,23.5436
2/10/2015,39.3846,23.9438
5/10/2015,40.3007,24.4932
6/10/2015,40.4044,24.9091
7/10/2015,40.4476,25.3643
8/10/2015,41.0094,25.5212
9/10/2015,40.7155,25.223
12/10/2015,40.6205,25.278
13/10/2015,40.5254,25.1445
14/10/2015,40.3439,25.741
15/10/2015,40.6291,25.7017
16/10/2015,41.0612,25.9293
19/10/2015,41.1563,26.361
20/10/2015,41.2859,26.2432
21/10/2015,40.7933,26.1883
22/10/2015,41.5107,26.9966
23/10/2015,45.6937,27.389
26/10/2015,46.8864,27.1457
27/10/2015,46.4024,27.0516
28/10/2015,46.653,27.2399
29/10/2015,46.1172,26.7063
30/10/2015,45.4949,26.5729
2/11/2015,46.0135,26.7691
3/11/2015,46.8,26.926
4/11/2015,47.016,26.9892
5/11/2015,46.9987,26.8707
6/11/2015,47.4654,26.7442
9/11/2015,46.8086,26.357
10/11/2015,46.2468,26.2463
11/11/2015,46.3678,25.9697
12/11/2015,46.0826,25.6062
13/11/2015,45.6678,25.377
16/11/2015,46.4715,25.3691
17/11/2015,46.0887,25.7959
18/11/2015,46.8544,26.2068
19/11/2015,46.9327,27.1078
20/11/2015,47.1502,27.3923
23/11/2015,47.1502,27.25
24/11/2015,47.2024,27.1552
25/11/2015,46.7151,27.2263
27/11/2015,46.924,27.2342
30/11/2015,47.2894,27.4792
1/12/2015,48.0464,27.7321
2/12/2015,48.0377,27.5266
3/12/2015,47.1589,26.9023
4/12/2015,48.6468,27.6136
7/12/2015,48.5598,27.6531
8/12/2015,48.5424,27.4634
9/12/2015,47.8376,27.5108
10/12/2015,48.0899,27.4792
11/12/2015,47.0371,27.0841
14/12/2015,47.9768,27.2421
15/12/2015,48.029,27.8033
16/12/2015,48.8382,27.8981
17/12/2015,48.464,27.5899
18/12/2015,47.098,26.7679
21/12/2015,47.7071,27.0604
22/12/2015,48.1595,27.4476
23/12/2015,48.5685,27.661
24/12/2015,48.438,27.6452
28/12/2015,48.6816,27.6057
29/12/2015,49.2036,28.0087
30/12/2015,48.9948,27.6531
31/12/2015,48.2726,27.2263
4/01/2016,47.681,26.8628
5/01/2016,47.8985,26.7363
6/01/2016,47.0284,26.1436
7/01/2016,45.3926,25.1636
8/01/2016,45.5318,24.9028
11/01/2016,45.5057,25.3375
12/01/2016,45.9234,25.8275
13/01/2016,44.9315,25.2189
14/01/2016,46.2105,25.8749
15/01/2016,44.3659,23.5198
19/01/2016,43.9918,23.5514
20/01/2016,44.1919,23.3854
21/01/2016,43.9222,23.4407
22/01/2016,45.497,23.6541
25/01/2016,45.062,23.3933
26/01/2016,45.3926,23.662
27/01/2016,44.566,23.5593
28/01/2016,45.2969,23.6857
29/01/2016,47.9333,24.5155
1/02/2016,47.6026,24.3575
2/02/2016,46.1148,23.5514
3/02/2016,45.3839,23.3919
4/02/2016,45.2447,23.7347
5/02/2016,43.6437,23.1527
8/02/2016,42.9912,22.9773
9/02/2016,42.8781,22.9694
10/02/2016,43.2522,22.5069
11/02/2016,43.2348,22.499
12/02/2016,43.9396,22.8338
16/02/2016,44.7721,22.9454
17/02/2016,45.9376,23.4956
18/02/2016,45.736,23.4557
19/02/2016,45.4118,22.8896
22/02/2016,46.1392,23.3999
23/02/2016,44.851,22.9614
24/02/2016,45.0087,23.2723
25/02/2016,45.6572,23.6152
26/02/2016,44.9561,23.7587
29/02/2016,44.5881,23.5912
1/03/2016,46.0778,24.2131
2/03/2016,46.4021,24.3486
3/03/2016,45.8763,24.3805
4/03/2016,45.5958,24.4204
7/03/2016,44.7195,24.6675
8/03/2016,45.2628,24.3646
9/03/2016,46.3057,24.6117
10/03/2016,45.6134,24.9147
11/03/2016,46.5072,25.3213
14/03/2016,46.5949,25.0582
15/03/2016,46.9629,25.2336
16/03/2016,47.6289,25.2655
17/03/2016,47.9006,25.4967
18/03/2016,46.8753,26.0548
21/03/2016,47.1996,25.7837
22/03/2016,47.3836,25.7678
23/03/2016,47.2959,25.5126
24/03/2016,47.5063,25.417
28/03/2016,46.9191,25.4329
29/03/2016,47.9444,25.8156
30/03/2016,48.2424,26.0787
31/03/2016,48.4001,25.7917
1/04/2016,48.6981,25.8714
4/04/2016,48.5754,25.5126
5/04/2016,47.813,25.4329
6/04/2016,48.3037,25.5764
7/04/2016,47.7254,25.1539
8/04/2016,47.6903,25.2177
11/04/2016,47.5939,25.2496
12/04/2016,47.8919,25.401
13/04/2016,48.5053,25.6163
14/04/2016,48.5141,25.3532
15/04/2016,48.7682,25.0821
18/04/2016,49.478,25.2336
19/04/2016,49.4167,25.1937
20/04/2016,48.7156,25.5126
21/04/2016,48.8821,25.4887
22/04/2016,45.3768,25.2256
25/04/2016,45.666,25.0263
26/04/2016,45.0788,25.0343
27/04/2016,44.6406,25.3133
28/04/2016,43.7293,24.8031
29/04/2016,43.703,24.1413
2/05/2016,44.3515,24.4044
3/05/2016,43.6241,24.2051
4/05/2016,43.703,24.0041
5/05/2016,43.7643,24.0443
6/05/2016,44.1587,24.1569
9/05/2016,43.8782,23.9639
10/05/2016,44.7108,24.2373
11/05/2016,44.737,24.173
12/05/2016,45.1402,23.9317
13/05/2016,44.7633,24.0523
16/05/2016,45.4206,24.4383
17/05/2016,44.5734,24.1086
18/05/2016,44.8381,24.1167
19/05/2016,44.4058,23.8272
20/05/2016,44.6705,24.2453
23/05/2016,44.1498,24.3097
24/05/2016,45.5265,24.9771
25/05/2016,45.9942,25.2425
26/05/2016,45.7912,25.3229
27/05/2016,46.1707,25.3872
31/05/2016,46.7708,25.4033
1/06/2016,46.6384,25.4596
2/06/2016,46.3119,25.54
3/06/2016,45.703,25.4274
6/06/2016,46.003,25.4757
7/06/2016,45.9765,25.6365
8/06/2016,45.9236,25.6446
9/06/2016,45.5529,25.6848
10/06/2016,45.4294,25.7652
13/06/2016,44.2469,25.8697
14/06/2016,43.9733,25.8456
15/06/2016,43.8498,25.4194
16/06/2016,44.4675,25.4837
17/06/2016,44.2381,25.54
20/06/2016,44.1851,25.8697
21/06/2016,45.1735,25.9904
22/06/2016,44.997,25.9662
23/06/2016,45.8089,26.5291
24/06/2016,43.9733,25.3712
27/06/2016,42.7379,24.7037
28/06/2016,43.6292,25.0817
29/06/2016,44.5999,25.6767
30/06/2016,45.1558,26.3764
1/07/2016,45.147,26.3361
5/07/2016,45.1558,26.2799
6/07/2016,45.3411,26.5131
7/07/2016,45.3411,26.698
8/07/2016,46.153,27.3413
11/07/2016,46.4089,27.6469
12/07/2016,46.9561,28.0972
13/07/2016,47.2208,28.1535
14/07/2016,47.4238,28.3063
15/07/2016,47.3885,28.2018
18/07/2016,47.6179,28.1857
19/07/2016,46.8502,28.2661
20/07/2016,49.3387,28.7004
21/07/2016,49.2417,27.5585
22/07/2016,49.9212,27.8721
25/07/2016,50.0624,27.8962
26/07/2016,50.0888,28.2179
27/07/2016,49.5858,28.0088
28/07/2016,49.6035,27.9605
29/07/2016,50.0182,28.0329
1/08/2016,49.93,28.0249
2/08/2016,49.93,27.7917
3/08/2016,50.2742,27.7512
4/08/2016,50.6448,28.0185
5/08/2016,51.1478,28.3426
8/08/2016,51.236,28.3912
9/08/2016,51.3596,28.294
10/08/2016,51.2007,27.978
11/08/2016,51.4478,28.0996
12/08/2016,51.1301,28.0104
15/08/2016,51.289,28.2859
16/08/2016,51.0048,28.529
17/08/2016,51.1114,28.375
18/08/2016,51.1469,28.3345
19/08/2016,51.1647,28.5533
22/08/2016,51.2091,28.6505
23/08/2016,51.4044,28.6829
24/08/2016,51.4577,28.4804
25/08/2016,51.6531,28.4318
26/08/2016,51.5287,28.5695
29/08/2016,51.5909,28.8045
30/08/2016,51.4044,28.926
31/08/2016,51.0226,29.08
1/09/2016,51.138,29.1853
2/09/2016,51.2091,29.2339
6/09/2016,51.1558,29.6309
7/09/2016,51.2002,29.5418
8/09/2016,50.996,29.5256
9/09/2016,49.9126,28.7154
12/09/2016,50.6585,29.2339
13/09/2016,50.1968,28.8531
14/09/2016,49.957,28.8612
15/09/2016,50.7828,29.6228
16/09/2016,50.8361,30.5222
19/09/2016,50.552,30.109
20/09/2016,50.4454,30.0928
21/09/2016,51.289,30.344
22/09/2016,51.3423,30.425
23/09/2016,50.996,30.1333
26/09/2016,50.5253,29.6958
27/09/2016,51.4577,30.1252
28/09/2016,51.5287,30.3359
29/09/2016,50.9693,30.2386
30/09/2016,51.1469,30.587
3/10/2016,50.9871,30.5141
4/10/2016,50.8273,30.4169
5/10/2016,51.1824,30.7815
6/10/2016,51.2712,30.8463
7/10/2016,51.3245,30.8706
10/10/2016,51.5376,30.8058
11/10/2016,50.7828,30.1981
12/10/2016,50.7118,30.0847
13/10/2016,50.5431,29.955
14/10/2016,50.9871,30.344
17/10/2016,50.8095,30.2143
18/10/2016,51.2002,30.587
19/10/2016,51.0848,28.7721
20/10/2016,50.8361,28.7073
21/10/2016,52.9761,28.4804
24/10/2016,54.166,28.5695
25/10/2016,54.1571,28.4399
26/10/2016,53.8375,28.294
27/10/2016,53.3668,28.2049
28/10/2016,53.1626,28.1482
31/10/2016,53.207,28.2535
1/11/2016,53.1004,27.9699
2/11/2016,52.7719,28.0347
3/11/2016,52.5765,27.7
4/11/2016,52.1326,27.4388
7/11/2016,53.651,28.3205
8/11/2016,53.6954,28.3613
9/11/2016,53.429,28.3695
10/11/2016,52.1237,28.1654
11/11/2016,52.4078,28.2552
14/11/2016,51.6087,28.149
15/11/2016,52.6278,28.5001
16/11/2016,53.3251,28.4429
17/11/2016,54.2101,28.5899
18/11/2016,53.9508,28.5327
21/11/2016,54.4068,28.5572
22/11/2016,54.6392,28.9654
23/11/2016,53.9955,28.7368
25/11/2016,54.1118,28.9328
28/11/2016,54.1833,28.9899
29/11/2016,54.6124,28.8266
30/11/2016,53.8704,28.3286
1/12/2016,52.9228,27.5612
2/12/2016,52.9675,27.8878
5/12/2016,53.8346,28.0756
6/12/2016,53.5933,28.345
7/12/2016,54.8627,28.9818
8/12/2016,54.5409,29.145
9/12/2016,55.3991,29.194
12/12/2016,55.5779,29.3654
13/12/2016,56.302,30.0431
14/12/2016,56.0338,29.839
15/12/2016,55.9444,30.0349
16/12/2016,55.6941,29.643
19/12/2016,56.8741,30.1165
20/12/2016,56.8026,30.3778
21/12/2016,56.8026,30.19
22/12/2016,56.8115,30.1492
23/12/2016,56.5344,30.1818
27/12/2016,56.5702,30.2635
28/12/2016,56.3109,29.9043
29/12/2016,56.2305,29.9288
30/12/2016,55.551,29.6104
3/01/2017,55.9444,29.8798
4/01/2017,55.6941,29.7247
5/01/2017,55.6941,29.6757
6/01/2017,56.1768,29.7818
9/01/2017,55.998,29.8879
10/01/2017,55.9802,29.8308
11/01/2017,56.4897,30.1655
12/01/2017,55.9712,29.9696
13/01/2017,56.0517,30.0349
17/01/2017,55.8997,30.0431
18/01/2017,55.8729,30.0104
19/01/2017,55.6941,29.8553
20/01/2017,56.0874,30.1573
23/01/2017,56.2841,30.0186
24/01/2017,56.7847,30.7125
25/01/2017,56.9277,30.8594
26/01/2017,57.4552,30.6635
27/01/2017,58.8051,31.0064
30/01/2017,58.224,30.5492
31/01/2017,57.7949,30.0594
1/02/2017,56.8383,29.8145
2/02/2017,56.4718,29.9451
3/02/2017,56.9277,30.0273
6/02/2017,56.892,29.8218
7/02/2017,56.7043,29.8875
8/02/2017,56.6238,29.9122
9/02/2017,57.2675,29.1558
10/02/2017,57.2138,29.0571
13/02/2017,57.8575,29.4353
14/02/2017,58.0733,29.5422
15/02/2017,58.0374,29.6409
16/02/2017,58.0284,29.9369
17/02/2017,58.1183,29.9944
21/02/2017,58.0014,30.0273
22/02/2017,57.8845,29.6573
23/02/2017,58.1183,29.7478
24/02/2017,58.1183,30.0355
27/02/2017,57.7675,30.0191
28/02/2017,57.5427,29.7642
1/03/2017,58.4061,29.5422
2/03/2017,57.5697,29.5258
3/03/2017,57.7855,29.5175
6/03/2017,57.8035,29.2462
7/03/2017,57.9204,29.4353
8/03/2017,58.4511,29.2873
9/03/2017,58.2172,29.4518
10/03/2017,58.3971,29.5258
13/03/2017,58.1992,28.9091
14/03/2017,57.9294,28.9255
15/03/2017,58.2352,28.8598
16/03/2017,58.1363,28.8927
17/03/2017,58.3431,28.9995
20/03/2017,58.3971,29.1311
21/03/2017,57.7495,28.8104
22/03/2017,58.487,29.0818
23/03/2017,58.3431,28.9995
24/03/2017,58.4421,28.9091
27/03/2017,58.55,29.0982
28/03/2017,58.7209,29.2709
29/03/2017,58.8828,29.2462
30/03/2017,59.0986,29.3942
31/03/2017,59.2335,29.6573
3/04/2017,58.9547,29.7313
4/04/2017,59.1166,29.83
5/04/2017,58.9637,29.7806
6/04/2017,59.1166,29.6244
7/04/2017,59.0716,29.6244
10/04/2017,58.9367,29.4353
11/04/2017,58.8918,29.386
12/04/2017,58.6669,29.2955
13/04/2017,58.4151,28.9831
17/04/2017,58.8918,29.1722
18/04/2017,58.8108,29.4106
19/04/2017,58.496,29.5258
20/04/2017,58.9098,29.7478
21/04/2017,59.7192,29.8629
24/04/2017,60.7355,30.2164
25/04/2017,61.0863,30.3151
26/04/2017,61.0053,30.3644
27/04/2017,61.4011,30.7755
28/04/2017,61.5719,29.7231
1/05/2017,62.4264,29.8547
2/05/2017,62.3274,30.3973
3/05/2017,62.1296,30.6317
4/05/2017,61.8867,30.524
5/05/2017,62.0576,30.4992
8/05/2017,62.0037,30.2673
9/05/2017,62.0936,30.1264
10/05/2017,62.3364,29.8282
11/05/2017,61.5719,29.5632
12/05/2017,61.5,29.4306
15/05/2017,61.545,29.5135
16/05/2017,62.7842,29.6709
17/05/2017,61.0384,29.0248
18/05/2017,61.2465,29.1739
19/05/2017,61.2284,29.323
22/05/2017,61.9158,29.6294
23/05/2017,62.1239,29.704
24/05/2017,62.2053,29.9194
25/05/2017,62.9741,30.0353
26/05/2017,63.2817,30.0353
30/05/2017,63.6887,29.9691
31/05/2017,63.1732,29.9111
1/06/2017,63.4083,29.9194
2/06/2017,64.9099,30.085
5/06/2017,65.3802,30.1016
6/06/2017,65.5973,29.9276
7/06/2017,65.4797,30.0353
8/06/2017,65.0817,30.2176
9/06/2017,63.6073,29.5797
12/06/2017,63.1189,29.5963
13/06/2017,63.9058,29.7206
14/06/2017,63.5621,29.4306
15/06/2017,63.2274,29.2484
16/06/2017,63.3179,29.1656
19/06/2017,64.1048,29.4141
20/06/2017,63.2365,28.8757
21/06/2017,63.5621,28.6437
22/06/2017,63.5531,28.4615
23/06/2017,64.4124,28.3207
26/06/2017,63.7973,28.2213
27/06/2017,62.6033,27.8734
28/06/2017,63.137,28.329
29/06/2017,61.952,27.7823
30/06/2017,62.35,27.9479
3/07/2017,61.6625,27.716
5/07/2017,62.4857,28.4449
6/07/2017,62.0244,27.8568
7/07/2017,62.8294,28.0639
10/07/2017,63.2998,27.8734
11/07/2017,63.3088,28.097
12/07/2017,64.3581,28.3704
13/07/2017,64.9189,28.3621
14/07/2017,65.8325,28.7266
17/07/2017,66.3481,28.5526
18/07/2017,66.3028,28.6023
19/07/2017,66.8094,28.6272
20/07/2017,67.1351,28.7845
21/07/2017,66.7461,28.768
24/07/2017,66.5742,28.5775
25/07/2017,67.1079,28.7183
26/07/2017,66.9812,28.7845
27/07/2017,66.1762,28.9668
28/07/2017,66.0677,29.2484
31/07/2017,65.7601,29.3809
1/08/2017,65.6516,30.1099
2/08/2017,65.3621,30.3501
3/08/2017,65.2626,30.4527
4/08/2017,65.742,30.2942
7/08/2017,65.4888,30.4027
8/08/2017,65.8415,30.386
9/08/2017,65.5521,30.5362
10/08/2017,64.5933,30.1607
11/08/2017,65.5792,29.9353
14/08/2017,66.5652,30.3276
15/08/2017,66.5834,30.0438
16/08/2017,66.9744,29.8852
17/08/2017,65.8377,29.3511
18/08/2017,65.9195,29.2176
21/08/2017,65.6103,29.1425
22/08/2017,66.5288,28.9172
23/08/2017,66.1287,28.9255
24/08/2017,66.1014,28.9672
25/08/2017,66.2196,28.9339
28/08/2017,66.2287,28.9172
29/08/2017,66.4288,28.9839
30/08/2017,67.3017,29.1175
31/08/2017,67.9929,29.2677
1/09/2017,67.2381,29.2844
5/09/2017,66.938,29.226
6/09/2017,66.747,29.8435
7/09/2017,67.6018,29.6599
8/09/2017,67.2745,29.3678
11/09/2017,67.9838,29.8519
12/09/2017,67.911,30.1189
13/09/2017,68.393,30.3192
14/09/2017,67.9929,30.4444
15/09/2017,68.4839,30.8784
18/09/2017,68.3475,30.8784
19/09/2017,68.6021,31.0703
20/09/2017,68.1475,30.9368
21/09/2017,67.4836,31.0453
22/09/2017,67.6655,31.0286
25/09/2017,66.6197,31.0119
26/09/2017,66.6197,31.2706
27/09/2017,67.1562,31.329
28/09/2017,67.1744,31.571
29/09/2017,67.7382,31.7797
2/10/2017,67.8474,32.5808
3/10/2017,67.5291,32.8646
4/10/2017,67.9201,32.8312
5/10/2017,69.0841,32.9898
6/10/2017,69.1114,33.0732
9/10/2017,69.3751,33.2652
10/10/2017,69.3751,33.0899
11/10/2017,69.4933,32.7978
12/10/2017,70.1299,32.706
13/10/2017,70.4663,33.1066
16/10/2017,70.6118,33.1817
17/10/2017,70.5573,33.2068
18/10/2017,70.5754,33.5906
19/10/2017,70.8483,33.4571
20/10/2017,71.6667,33.7409
23/10/2017,71.6849,34.0747
24/10/2017,71.7122,34.1748
25/10/2017,71.503,34.033
26/10/2017,71.6212,34.5087
27/10/2017,76.2135,37.054
30/10/2017,76.2862,37.029
31/10/2017,75.6406,37.9637
1/11/2017,75.6406,38.9818
2/11/2017,76.4317,39.3073
3/11/2017,76.5136,38.6731
6/11/2017,76.8137,39.2045
7/11/2017,76.6318,39.2716
8/11/2017,76.8955,39.2045
9/11/2017,76.4681,38.8687
10/11/2017,76.268,38.2642
13/11/2017,76.3226,38.4069
14/11/2017,76.4317,38.4993
15/11/2017,75.8377,38.1635
16/11/2017,76.0387,38.323
17/11/2017,75.3076,37.4667
20/11/2017,75.4264,37.4583
21/11/2017,76.514,37.7269
22/11/2017,75.9565,37.4835
24/11/2017,76.0936,37.5674
27/11/2017,76.6511,37.3492
28/11/2017,77.5741,37.5507
29/11/2017,76.1667,36.8958
30/11/2017,76.9252,37.643
1/12/2017,77.0075,37.5087
4/12/2017,74.1012,37.3492
5/12/2017,74.5673,36.4677
6/12/2017,75.6549,36.4761
7/12/2017,75.3899,36.1655
8/12/2017,76.9161,36.3922
11/12/2017,77.894,36.6524
12/12/2017,78.2139,36.3754
13/12/2017,78.0037,36.3838
14/12/2017,77.4005,36.3166
15/12/2017,79.3745,37.4079
18/12/2017,78.945,38.8351
19/12/2017,78.4424,39.4899
20/12/2017,78.159,39.9264
21/12/2017,78.1408,39.2548
22/12/2017,78.1499,39.2045
26/12/2017,78.0494,38.684
27/12/2017,78.3327,38.7092
28/12/2017,78.3418,38.8015
29/12/2017,78.1773,38.7511
2/01/2018,78.552,39.3304
3/01/2018,78.9176,37.9956
4/01/2018,79.6122,37.2988
5/01/2018,80.5992,37.559
8/01/2018,80.6815,37.559
9/01/2018,80.6267,36.6188
10/01/2018,80.2611,35.6786
11/01/2018,80.4987,36.4425
12/01/2018,81.8879,36.2998
16/01/2018,80.7455,36.2159
17/01/2018,82.3814,37.2652
18/01/2018,82.3448,37.3408
19/01/2018,82.2534,37.6262
22/01/2018,83.7248,38.4069
23/01/2018,83.9899,38.6672
24/01/2018,83.9168,38.2055
25/01/2018,84.3829,38.0292
26/01/2018,85.964,42.042
29/01/2018,85.836,41.958
30/01/2018,84.7576,40.959
31/01/2018,86.8322,40.4133
1/02/2018,86.1468,40.002
2/02/2018,83.8802,38.7427
5/02/2018,80.4256,37.3744
6/02/2018,83.469,37.9575
7/02/2018,81.897,38.2026
8/02/2018,77.6929,36.1319
9/02/2018,80.5901,37.1461
12/02/2018,81.4583,37.8899
13/02/2018,82.0981,37.5772
14/02/2018,83.3836,38.3548
15/02/2018,85.0823,38.8112
16/02/2018,84.4763,38.5069
20/02/2018,85.1374,39.1493
21/02/2018,84.008,38.8281
22/02/2018,84.2283,38.7098
23/02/2018,86.3678,40.341
26/02/2018,87.6166,41.5073
27/02/2018,86.4963,42.1835
28/02/2018,86.1015,41.6595
1/03/2018,85.2567,40.4339
2/03/2018,85.4404,41.3975
5/03/2018,85.9821,42.0483
6/03/2018,85.6883,42.8596
7/03/2018,86.1841,43.3752
8/03/2018,86.7075,42.885
9/03/2018,88.645,44.1105
12/03/2018,88.8562,43.5443
13/03/2018,86.6892,43.764
14/03/2018,86.175,43.8316
15/03/2018,86.478,43.0033
16/03/2018,86.8636,43.2484
19/03/2018,85.2934,42.9611
20/03/2018,85.5138,43.5696
21/03/2018,84.917,43.5781
22/03/2018,82.447,42.9611
23/03/2018,80.0505,41.7186
26/03/2018,86.1107,44.3556
27/03/2018,82.1532,43.2653
28/03/2018,82.0797,41.9215
29/03/2018,83.806,44.0176
2/04/2018,81.2809,41.3468
3/04/2018,82.3735,42.0483
4/04/2018,84.7792,42.2511
5/04/2018,84.8252,42.5807
6/04/2018,82.851,41.2369
9/04/2018,83.3468,41.8792
10/04/2018,85.2843,43.333
11/04/2018,84.3477,43.1893
12/04/2018,85.9271,44.5585
13/04/2018,85.4679,43.8316
16/04/2018,86.4688,44.288
17/04/2018,88.2134,45.2515
18/04/2018,88.5532,45.3107
19/04/2018,88.2502,44.1359
20/04/2018,87.2309,43.5527
23/04/2018,87.5523,43.1893
24/04/2018,85.5047,43.4851
25/04/2018,84.7609,43.4259
26/04/2018,86.5514,44.8374
27/04/2018,87.9839,44.5669
30/04/2018,85.872,43.6288
1/05/2018,87.2309,45.074
2/05/2018,85.8628,44.212
3/05/2018,86.377,44.1866
4/05/2018,87.3779,44.8667
7/05/2018,88.3511,45.3342
8/05/2018,87.9747,45.5892
9/05/2018,89.0123,46.1928
10/05/2018,89.9029,46.7368
11/05/2018,89.7101,46.4733
14/05/2018,90.0131,46.6688
15/05/2018,89.3612,45.8357
16/05/2018,89.5917,46.4478
17/05/2018,88.6972,46.5923
18/05/2018,88.8632,45.4787
21/05/2018,90.0067,46.1758
22/05/2018,89.9145,46.2863
23/05/2018,90.9843,46.9323
24/05/2018,90.6615,46.5413
25/05/2018,90.7076,47.1278
29/05/2018,90.3848,47.0258
30/05/2018,91.2517,47.3319
31/05/2018,91.1503,46.9238
1/06/2018,92.9485,48.522
4/06/2018,93.7601,48.3094
5/06/2018,94.2396,48.0544
6/06/2018,94.5163,48.4795
7/06/2018,93.0315,47.5019
8/06/2018,93.7232,46.7963
11/06/2018,93.1883,46.3458
12/06/2018,93.4281,46.6008
13/06/2018,93.0039,46.7793
14/06/2018,93.5295,47.2128
15/06/2018,92.3399,46.8473
18/06/2018,93.0131,45.2407
19/06/2018,93.0131,44.9942
20/06/2018,93.9445,45.4447
21/06/2018,93.2713,44.3651
22/06/2018,92.5981,44.6286
25/06/2018,90.7353,43.107
26/06/2018,91.3716,42.2229
27/06/2018,89.9514,41.4494
28/06/2018,90.9566,41.8659
29/06/2018,90.9382,42.257
2/07/2018,92.2292,42.6735
3/07/2018,91.3439,42.0529
5/07/2018,91.9987,43.141
6/07/2018,93.2898,43.6681
9/07/2018,93.9261,44.0846
10/07/2018,94.1751,44.3396
11/07/2018,94.046,43.5235
12/07/2018,96.084,44.5011
13/07/2018,97.2275,44.3906
16/07/2018,96.748,44.2121
17/07/2018,97.7071,43.9911
18/07/2018,96.9417,43.9656
19/07/2018,96.2777,44.1866
20/07/2018,98.0022,44.1271
23/07/2018,99.5699,44.4671
24/07/2018,99.2841,44.3566
25/07/2018,102.2074,44.5691
26/07/2018,101.0916,44.3396
27/07/2018,99.3025,40.5313
30/07/2018,97.1722,40.5398
31/07/2018,97.827,40.8883
1/08/2018,98.0114,41.4919
2/08/2018,99.2011,42.0614
3/08/2018,99.6345,42.1889
6/08/2018,99.7175,42.1633
7/08/2018,100.4091,42.5054
8/08/2018,100.9717,42.7277
9/08/2018,101.1377,42.8817
10/08/2018,100.5198,41.7784
13/08/2018,99.7913,41.4363
14/08/2018,101.0362,41.1541
15/08/2018,99.6661,40.5896
16/08/2018,99.6476,40.3416
17/08/2018,99.5921,40.2818
20/08/2018,98.9348,39.7686
21/08/2018,98.1109,40.7265
22/08/2018,99.1107,40.239
23/08/2018,99.5736,40.1791
24/08/2018,100.3512,40.7607
27/08/2018,101.4621,41.3508
28/08/2018,102.0731,41.539
29/08/2018,103.7024,41.6929
30/08/2018,103.6376,41.2567
31/08/2018,103.9894,41.4192
4/09/2018,103.4154,41.0173
5/09/2018,100.4345,40.812
6/09/2018,100.6659,40.4186
7/09/2018,100.1753,39.7258
10/09/2018,101.2584,39.5976
11/09/2018,102.9803,38.4259
12/09/2018,103.4154,38.4259
13/09/2018,104.5263,38.9732
14/09/2018,104.9522,38.9476
17/09/2018,103.8135,38.845
18/09/2018,104.804,39.4265
19/09/2018,103.4062,39.4693
20/09/2018,105.1373,40.3673
21/09/2018,105.7761,39.9054
24/09/2018,106.1556,40.1193
25/09/2018,105.952,39.264
26/09/2018,105.5169,39.0844
27/09/2018,105.9149,39.2384
28/09/2018,105.8779,40.4443
1/10/2018,107.0258,39.7258
2/10/2018,106.6,41.137
3/10/2018,106.6185,41.7014
4/10/2018,104.4152,41.1627
5/10/2018,103.8042,40.2219
8/10/2018,102.6193,40.2219
9/10/2018,103.9246,39.8114
10/10/2018,98.2775,38.3147
11/10/2018,98.0461,37.8272
12/10/2018,101.4343,38.3831
15/10/2018,99.6106,38.0838
16/10/2018,102.7582,39.2897
17/10/2018,102.4897,39.2469
18/10/2018,100.4438,38.4601
19/10/2018,100.5919,37.6305
22/10/2018,101.4899,38.4943
23/10/2018,100.0735,38.0581
24/10/2018,94.7226,36.2792
25/10/2018,100.2586,37.8956
26/10/2018,99.0181,39.0759
29/10/2018,96.139,38.8279
30/10/2018,96.0279,40.8462
31/10/2018,98.8793,40.0936
1/11/2018,98.0553,41.2396
2/11/2018,98.2775,40.2903
5/11/2018,99.5273,41.0258
6/11/2018,99.7217,40.6644
7/11/2018,103.6469,41.9295
8/11/2018,103.4525,42.1618
9/11/2018,101.4343,41.4045
12/11/2018,98.9348,40.148
13/11/2018,98.9996,40.7848
14/11/2018,97.5957,40.5267
15/11/2018,99.7434,41.4045
16/11/2018,100.6825,42.0241
19/11/2018,97.2703,41.3098
20/11/2018,94.5647,40.7848
21/11/2018,95.8663,40.475
23/11/2018,95.8291,40.0533
26/11/2018,98.9903,40.8365
27/11/2018,99.6132,41.3701
28/11/2018,103.3136,42.0499
29/11/2018,102.449,41.0516
30/11/2018,103.0998,42.4372
3/12/2018,104.2155,43.1429
4/12/2018,100.8963,41.0947
6/12/2018,101.5192,41.6282
7/12/2018,97.4562,39.7951
10/12/2018,100.0316,40.6299
11/12/2018,100.9614,40.7762
12/12/2018,101.417,41.1635
13/12/2018,101.761,41.5594
14/12/2018,98.5812,41.1893
17/12/2018,95.6618,40.5181
18/12/2018,96.6659,41.086
19/12/2018,96.4056,39.2185
20/12/2018,94.3788,39.1927
21/12/2018,91.3292,38.5903
24/12/2018,87.5172,37.5145
26/12/2018,93.4955,39.7521
27/12/2018,94.0719,39.8984
28/12/2018,93.3374,40.234
31/12/2018,94.4345,40.389
2/01/2019,94.0161,40.5181
3/01/2019,90.5575,38.289
4/01/2019,94.7693,40.6385
7/01/2019,94.8901,40.8279
8/01/2019,95.5781,41.086
9/01/2019,96.9449,41.3184
10/01/2019,96.3219,41.7918
11/01/2019,95.5781,42.1102
14/01/2019,94.8808,41.611
15/01/2019,97.6329,41.8262
16/01/2019,97.9769,41.4217
17/01/2019,98.6649,41.7143
18/01/2019,100.1432,42.334
22/01/2019,98.2558,41.5422
23/01/2019,99.2135,41.2582
24/01/2019,98.7393,42.8245
25/01/2019,99.6411,40.4836
28/01/2019,97.698,40.1996
29/01/2019,95.7083,40.0533
30/01/2019,98.9066,40.9139
31/01/2019,97.0936,40.5525
1/02/2019,95.5596,41.9381
4/02/2019,98.3116,42.3598
5/02/2019,99.6876,43.0397
6/02/2019,98.5812,43.2172
7/02/2019,97.8746,42.6369
8/02/2019,98.2465,42.2992
11/02/2019,97.856,42.2385
12/02/2019,99.3808,43.3125
13/02/2019,99.3064,43.7109
14/02/2019,99.3901,44.0053
15/02/2019,100.6173,44.7415
19/02/2019,100.5709,44.5163
20/02/2019,100.048,44.5077
21/02/2019,102.1582,44.525
22/02/2019,103.6148,45.4604
25/02/2019,104.1937,45.9887
26/02/2019,104.9127,46.1012
27/02/2019,104.7353,46.1099
28/02/2019,104.6045,45.8674
1/03/2019,105.0714,46.1619
4/03/2019,104.8193,46.7162
5/03/2019,104.2964,46.491
6/03/2019,104.3431,45.8588
7/03/2019,103.0733,45.5556
8/03/2019,103.1853,45.4517
11/03/2019,105.3515,46.2052
12/03/2019,106.0892,46.3957
13/03/2019,106.9108,47.0886
14/03/2019,106.9949,46.2831
15/03/2019,108.2274,47.0539
18/03/2019,109.7773,46.8547
19/03/2019,109.8521,46.9154
20/03/2019,109.7307,46.6122
21/03/2019,112.2517,47.3224
22/03/2019,109.2918,46.1272
25/03/2019,109.8614,45.7115
26/03/2019,110.0948,46.2831
27/03/2019,109.0303,46.0406
28/03/2019,109.1797,45.9973
29/03/2019,110.1228,46.5083
1/04/2019,111.1312,47.2098
2/04/2019,111.29,47.0799
3/04/2019,112.0183,48.0499
4/04/2019,111.4487,48.431
5/04/2019,111.9436,48.1539
8/04/2019,111.9809,48.2231
9/04/2019,111.374,47.9114
10/04/2019,112.2237,48.2838
11/04/2019,112.3544,48.3271
12/04/2019,112.9333,48.864
15/04/2019,113.0267,48.7428
16/04/2019,112.7652,49.1152
17/04/2019,113.699,50.7174
18/04/2019,115.1929,50.6568
22/04/2019,115.5571,50.9426
23/04/2019,117.1257,50.908
24/04/2019,116.7242,50.856
25/04/2019,120.5898,49.8947
26/04/2019,121.2807,45.4084
29/04/2019,121.1687,44.2652
30/04/2019,121.9437,44.2045
1/05/2019,119.404,43.962
2/05/2019,117.8447,43.7802
3/05/2019,120.3564,44.8195
6/05/2019,119.6561,44.6321
7/05/2019,117.2004,43.9873
8/05/2019,117.1911,42.9068
9/05/2019,117.1817,40.6238
10/05/2019,118.7037,40.2578
13/05/2019,115.1742,39.003
14/05/2019,116.4628,39.3602
15/05/2019,118.1028,39.7524
16/05/2019,120.83,39.674
17/05/2019,120.024,39.1163
20/05/2019,118.2903,37.9573
21/05/2019,118.9276,38.7416
22/05/2019,119.6492,38.3407
23/05/2019,118.2528,38.8026
24/05/2019,118.309,38.8374
28/05/2019,118.234,37.966
29/05/2019,117.0907,38.5412
30/05/2019,117.8311,38.9768
31/05/2019,115.9098,38.3756
3/06/2019,112.3111,37.8702
4/06/2019,115.4225,39.0291
5/06/2019,117.9248,38.82
6/06/2019,119.7897,39.2992
7/06/2019,123.1448,40.1096
10/06/2019,124.2695,40.7806
11/06/2019,123.8009,40.8242
12/06/2019,123.2292,40.3623
13/06/2019,124.0071,40.6935
14/06/2019,124.1288,40.2491
17/06/2019,124.5037,40.1968
18/06/2019,126.6686,41.2773
19/06/2019,127.1653,41.0159
20/06/2019,128.3462,41.1204
21/06/2019,128.3649,41.3557
24/06/2019,129.124,41.5039
25/06/2019,125.0473,40.8242
26/06/2019,125.5159,41.9918
27/06/2019,125.7221,41.3557
28/06/2019,125.544,41.713
1/07/2019,127.1559,41.8698
2/07/2019,127.9994,41.9308
3/07/2019,128.8241,42.2794
5/07/2019,128.4492,41.896
8/07/2019,128.3555,41.6694
9/07/2019,127.8869,41.6084
10/07/2019,129.1896,42.0093
11/07/2019,129.7051,42.3491
12/07/2019,130.1736,43.4993
15/07/2019,130.1736,43.6736
16/07/2019,128.468,42.8458
17/07/2019,127.7089,43.0375
18/07/2019,127.8495,43.5167
19/07/2019,128.0368,43.8043
22/07/2019,129.7332,44.7454
23/07/2019,130.5392,45.0939
24/07/2019,131.8793,46.1135
25/07/2019,131.3826,45.4512
26/07/2019,132.4603,44.9545
29/07/2019,132.1698,45.7562
30/07/2019,131.5325,45.0504
31/07/2019,127.7089,44.0483
1/08/2019,129.3864,43.1333
2/08/2019,128.2993,42.4188
5/08/2019,123.9039,40.9287
6/08/2019,126.2281,41.1963
7/08/2019,126.781,40.9945
8/08/2019,130.1643,41.3805
9/08/2019,129.0584,40.3366
12/08/2019,127.259,40.0032
13/08/2019,129.8925,41.091
14/08/2019,125.9809,40.2401
15/08/2019,125.6988,40.091
16/08/2019,128.0025,40.7928
19/08/2019,130.1464,41.4332
20/08/2019,129.065,40.8805
21/08/2019,130.5037,41.363
22/08/2019,129.554,41.0384
23/08/2019,125.4261,39.4418
26/08/2019,127.3631,39.9681
27/08/2019,127.6358,40.1699
28/08/2019,127.4665,40.1699
29/08/2019,129.8737,41.1173
30/08/2019,129.6292,41.5911
3/09/2019,127.9178,41.2138
4/09/2019,129.4129,42.9157
5/09/2019,131.6885,43.9509
6/09/2019,130.7952,44.6703
9/09/2019,129.3095,45.258
10/09/2019,127.9555,45.4598
11/09/2019,127.9931,46.3108
12/09/2019,129.3095,46.5037
13/09/2019,129.1215,46.0914
16/09/2019,128.1906,45.7932
17/09/2019,129.1873,45.5739
18/09/2019,130.2498,45.3896
19/09/2019,132.6476,45.2405
20/09/2019,131.1149,44.4948
23/09/2019,130.8328,44.6527
24/09/2019,129.1779,43.7053
25/09/2019,131.0396,44.758
26/09/2019,131.2089,44.6703
27/09/2019,129.5069,44.5475
30/09/2019,130.7293,45.2054
1/10/2019,128.8864,44.5299
2/10/2019,126.6108,43.3281
3/10/2019,128.1435,43.8895
4/10/2019,129.8737,44.6703
7/10/2019,128.9334,44.4071
8/10/2019,127.5699,43.6263
9/10/2019,129.9865,44.2843
10/10/2019,130.7952,44.837
11/10/2019,131.3405,45.6967
14/10/2019,131.2183,45.3019
15/10/2019,133.1177,46.1879
16/10/2019,132.027,46.0125
17/10/2019,131.35,45.4949
18/10/2019,129.2061,45.0563
21/10/2019,130.1652,45.7318
22/10/2019,128.2281,45.6265
23/10/2019,129.0462,45.3721
24/10/2019,131.585,45.8195
25/10/2019,132.3279,49.5303
28/10/2019,135.5813,49.7935
29/10/2019,134.3025,49.425
30/10/2019,135.9762,49.6531
31/10/2019,134.8102,49.5917
1/11/2019,135.1394,49.5742
4/11/2019,135.9198,50.5392
5/11/2019,135.8352,50.4865
6/11/2019,135.459,50.8085
7/11/2019,135.6471,51.2054
8/11/2019,137.2456,51.3995
11/11/2019,137.3866,51.4701
12/11/2019,138.2894,51.3377
13/11/2019,138.515,51.0643
14/11/2019,139.2203,50.9937
15/11/2019,141.0162,51.126
18/11/2019,141.3641,51.3819
19/11/2019,141.4111,51.4701
20/11/2019,141.1658,51.0731
21/11/2019,141.0338,51.3554
22/11/2019,141.1375,50.8173
25/11/2019,142.6849,51.8758
26/11/2019,143.4397,51.9552
27/11/2019,143.7133,51.6112
29/11/2019,142.8264,51.2054
2/12/2019,141.0998,50.8614
3/12/2019,140.8733,49.4589
4/12/2019,141.3828,49.4148
5/12/2019,141.4583,49.4677
6/12/2019,143.1755,50.1116
9/12/2019,142.8074,49.8647
10/12/2019,142.5905,49.9176
11/12/2019,143.1283,50.341
12/12/2019,144.5812,50.7644
13/12/2019,145.7984,50.9761
16/12/2019,146.7419,50.8967
17/12/2019,145.9494,50.5439
18/12/2019,145.6474,50.4292
19/12/2019,146.9117,51.126
20/12/2019,148.5157,51.9993
23/12/2019,148.5157,52.2463
24/12/2019,148.4873,52.4051
26/12/2019,149.7045,52.7667
27/12/2019,149.9781,52.9961
30/12/2019,148.6854,52.5903
31/12/2019,148.7893,52.7932
2/01/2020,151.5443,53.6665
3/01/2020,149.6572,53.0137
6/01/2020,150.0441,52.8638
7/01/2020,148.6761,51.9817
8/01/2020,151.0442,52.017
9/01/2020,152.9312,52.3081
10/01/2020,152.2236,51.9905
13/01/2020,154.054,52.5639
14/01/2020,152.9689,52.4227
15/01/2020,153.9596,51.9905
16/01/2020,156.7807,52.6256
17/01/2020,157.6582,52.5727
21/01/2020,157.092,53.4107
22/01/2020,156.3372,55.3336
23/01/2020,157.2996,55.8541
24/01/2020,155.7145,60.3968
27/01/2020,153.1104,57.9446
28/01/2020,156.1108,59.3736
29/01/2020,158.545,58.5092
30/01/2020,163.0172,58.6326
31/01/2020,160.6113,56.3921
3/02/2020,164.5268,56.8244
4/02/2020,169.9424,57.7417
5/02/2020,169.7349,59.4001
6/02/2020,173.2541,59.471
7/02/2020,173.4994,58.5225
10/02/2020,178.0376,58.8505
11/02/2020,174.0184,59.7546
12/02/2020,174.2731,59.799
13/02/2020,173.3296,59.7812
14/02/2020,174.8769,59.6305
18/02/2020,176.6507,58.6289
19/02/2020,177.1805,59.4887
20/02/2020,174.4747,58.0172
21/02/2020,168.9591,57.0333
24/02/2020,161.6743,54.7463
25/02/2020,159.0064,52.9468
26/02/2020,160.9932,52.8759
27/02/2020,149.6497,49.4897
28/02/2020,153.2732,49.2149
2/03/2020,163.4719,51.5728
3/03/2020,155.6384,49.6138
4/03/2020,161.3527,52.0161
5/03/2020,157.3035,50.4914
6/03/2020,152.8569,49.4365
9/03/2020,142.4975,45.0753
10/03/2020,152.242,47.8498
11/03/2020,145.3452,45.7933
12/03/2020,131.5609,40.3683
13/03/2020,150.2647,48.2487
16/03/2020,128.1172,39.5439
17/03/2020,138.6659,44.3927
18/03/2020,132.8286,42.2032
19/03/2020,135.0141,40.7229
20/03/2020,129.9431,40.6254
23/03/2020,128.647,43.9495
24/03/2020,140.3404,46.4492
25/03/2020,138.997,45.4387
26/03/2020,147.6914,49.2326
27/03/2020,141.6271,46.4226
30/03/2020,151.5892,49.1883
31/03/2020,149.2051,47.9739
1/04/2020,143.9071,45.9883
2/04/2020,146.8873,48.1778
3/04/2020,145.5344,47.9828
6/04/2020,156.3574,51.7944
7/04/2020,154.6734,51.7679
8/04/2020,156.225,52.282
9/04/2020,156.2345,50.6509
13/04/2020,156.5845,52.0338
14/04/2020,164.3328,53.7712
15/04/2020,162.611,52.1845
16/04/2020,167.4927,53.8864
17/04/2020,168.9686,53.5053
20/04/2020,165.6195,52.4593
21/04/2020,158.7699,49.9595
22/04/2020,164.1625,53.2748
23/04/2020,162.1758,52.3352
24/04/2020,165.137,52.5302
27/04/2020,164.664,52.7163
28/04/2020,160.6526,52.0781
29/04/2020,167.8617,54.7817
30/04/2020,169.5457,53.1684
1/05/2020,165.1559,50.9435
4/05/2020,169.1957,51.4044
5/05/2020,171.0121,52.0781
6/05/2020,172.6961,52.7556
7/05/2020,173.6989,52.7467
8/05/2020,174.7207,53.1924
11/05/2020,176.6696,53.6025
12/05/2020,172.6677,52.0514
13/05/2020,170.0565,51.4719
14/05/2020,170.7945,52.6665
15/05/2020,173.2827,51.9533
18/05/2020,174.9383,53.4153
19/05/2020,173.7273,53.7451
20/05/2020,176.1371,56.2501
21/05/2020,174.0214,55.2516
22/05/2020,174.0973,55.5012
26/05/2020,172.2568,55.5726
27/05/2020,172.4845,56.6601
28/05/2020,172.0955,55.002
29/05/2020,173.8506,56.0985
1/06/2020,173.4522,55.1447
2/06/2020,175.4255,55.3764
3/06/2020,175.8524,55.2071
4/06/2020,173.5376,56.1342
5/06/2020,177.598,57.3554
8/06/2020,178.6985,56.7582
9/06/2020,180.0647,56.1966
10/06/2020,186.7437,56.9365
11/06/2020,176.7158,53.2191
12/06/2020,178.1104,52.8893
15/06/2020,179.2488,53.5757
16/06/2020,183.6413,53.8432
17/06/2020,184.2769,53.9234
18/06/2020,186.2503,53.5579
19/06/2020,185.1403,53.1478
22/06/2020,190.2823,53.5668
23/06/2020,191.5536,53.4153
24/06/2020,187.6923,52.6754
25/06/2020,190.0641,52.1583
26/06/2020,186.2598,51.258
29/06/2020,188.2615,51.9444
30/06/2020,193.0715,53.335
1/07/2020,194.2004,52.4258
2/07/2020,195.6804,52.711
6/07/2020,199.8927,53.0765
7/07/2020,197.5683,51.98
8/07/2020,201.9134,52.2475
9/07/2020,203.327,52.0781
10/07/2020,202.7103,53.0676
13/07/2020,196.4489,52.2207
14/07/2020,197.6632,52.5773
15/07/2020,197.3691,52.6219
16/07/2020,193.4604,52.72
17/07/2020,192.4738,53.4866
20/07/2020,200.7466,54.5117
21/07/2020,198.0427,54.1106
22/07/2020,200.8889,54.4226
23/07/2020,192.1512,53.8432
24/07/2020,190.9748,45.0981
27/07/2020,193.394,44.1888
28/07/2020,191.6579,43.8947
29/07/2020,193.5933,42.8517
30/07/2020,193.4415,42.7804
31/07/2020,194.4945,42.5486
3/08/2020,205.4331,43.0567
4/08/2020,202.3498,43.7966
5/08/2020,202.0178,43.6094
6/08/2020,205.2529,43.5914
7/08/2020,201.5814,43.1068
10/08/2020,197.5683,44.1748
11/08/2020,192.9481,43.2504
12/08/2020,198.4602,44.1479
13/08/2020,197.9953,43.5825
14/08/2020,198.185,43.8787
17/08/2020,199.4942,43.9145
18/08/2020,200.6422,43.6633
19/08/2020,199.4249,43.376
20/08/2020,204.0658,44.1299
21/08/2020,202.5822,44.2287
24/08/2020,203.2194,44.103
25/08/2020,205.8631,44.3633
26/08/2020,210.3138,44.471
27/08/2020,215.4778,44.3364
28/08/2020,217.6936,45.2608
31/08/2020,214.4792,45.7275
1/09/2020,216.134,45.5839
2/09/2020,220.2994,46.8942
3/09/2020,206.6525,45.2249
4/09/2020,203.7519,44.9467
8/09/2020,192.7298,43.8966
9/09/2020,200.937,44.5338
10/09/2020,195.307,43.9415
11/09/2020,194.0327,44.2287
14/09/2020,195.3451,44.3453
15/09/2020,198.5499,44.8749
16/09/2020,195.0028,45.2069
17/09/2020,192.9676,45.1621
18/09/2020,190.5711,44.7761
21/09/2020,192.6157,44.6236
22/09/2020,197.2566,44.83
23/09/2020,190.7613,43.8158
24/09/2020,193.2339,44.121
25/09/2020,197.637,44.821
28/09/2020,199.1776,46.1583
29/09/2020,197.1044,45.9429
30/09/2020,200.024,46.4724
1/10/2020,202.0497,46.8853
2/10/2020,196.0869,45.7813
5/10/2020,200.0716,46.3916
6/10/2020,195.8206,46.1044
7/10/2020,199.5486,47.2712
8/10/2020,200.2618,47.8994
9/10/2020,205.2355,47.4058
12/10/2020,210.5516,48.3572
13/10/2020,211.94,48.3123
14/10/2020,210.0381,48.061
15/10/2020,208.8969,48.3302
16/10/2020,208.8969,48.6085
19/10/2020,203.7234,48.9854
20/10/2020,204.1323,47.9533
21/10/2020,204.275,48.0161
22/10/2020,204.3606,48.3751
23/10/2020,205.6349,43.2594
26/10/2020,199.7862,41.9311
27/10/2020,202.8009,40.9618
28/10/2020,192.7489,39.7143
29/10/2020,194.6889,39.5886
30/10/2020,192.5491,39.7412
2/11/2020,192.416,39.9027
3/11/2020,196.3151,40.2527
4/11/2020,205.7871,41.0156
5/11/2020,212.349,41.2959
6/11/2020,212.7579,41.0337
9/11/2020,207.6891,41.2235
10/11/2020,200.6707,41.0789
11/11/2020,205.9393,41.9016
12/11/2020,204.8836,40.6359
13/11/2020,205.9012,41.097
16/11/2020,206.5859,41.7569
17/11/2020,203.9517,41.1603
18/11/2020,201.2628,40.7354
19/11/2020,202.5405,41.2416
20/11/2020,200.6049,41.0337
23/11/2020,200.3379,41.6394
24/11/2020,203.9135,42.4982
25/11/2020,203.9231,42.5344
27/11/2020,205.2198,42.896
30/11/2020,204.1138,43.7096
1/12/2020,206.1542,44.8035
2/12/2020,205.3533,45.1109
3/12/2020,204.2759,46.0962
4/12/2020,204.3902,47.0003
7/12/2020,204.3235,45.3821
8/12/2020,205.9635,45.825
9/12/2020,201.9493,45.2645
10/12/2020,200.7288,45.4363
11/12/2020,203.3414,44.9572
14/12/2020,204.2377,45.6262
15/12/2020,204.171,45.807
16/12/2020,209.0814,46.2138
17/12/2020,209.215,45.7889
18/12/2020,208.4235,42.905
21/12/2020,212.2375,41.9106
22/12/2020,213.5247,41.7388
23/12/2020,210.7405,42.1005
24/12/2020,212.39,42.5525
28/12/2020,214.4973,42.5525
29/12/2020,213.7249,44.6498
30/12/2020,211.3698,44.0712
31/12/2020,212.0754,45.0385
4/01/2021,207.5654,44.9029
5/01/2021,207.7656,45.7527
6/01/2021,202.3784,46.1957
7/01/2021,208.1375,47.1811
8/01/2021,209.4056,46.6929
11/01/2021,207.3747,46.5935
12/01/2021,204.9337,48.1303
13/01/2021,206.2782,51.4842
14/01/2021,203.1126,53.5635
15/01/2021,202.7598,52.0538
19/01/2021,206.3735,52.4244
20/01/2021,213.9061,53.0392
21/01/2021,214.5068,56.4654
22/01/2021,215.4412,51.2221
25/01/2021,218.8547,50.1192
26/01/2021,221.5245,49.9112
27/01/2021,222.068,48.4467
28/01/2021,227.8176,50.6887
29/01/2021,221.1717,50.1824
1/02/2021,228.504,51.2492
2/02/2021,228.3706,52.4335
3/02/2021,231.6982,52.1442
4/02/2021,230.7543,53.4702
5/02/2021,230.9354,52.9155
8/02/2021,231.1929,53.8068
9/02/2021,232.4324,53.4612
10/02/2021,231.5266,53.5339
11/02/2021,233.1189,55.171
12/02/2021,233.5957,56.217
16/02/2021,232.3657,56.8173
17/02/2021,233.3787,56.2534
18/02/2021,232.9869,56.0351
19/02/2021,230.2918,57.3084
22/02/2021,224.1181,55.2165
23/02/2021,222.933,55.5894
24/02/2021,224.1563,57.4721
25/02/2021,218.8427,54.9346
26/02/2021,222.0825,55.2802
1/03/2021,226.4404,57.1902
2/03/2021,223.5065,55.6986
3/03/2021,217.4761,54.4798
4/03/2021,216.6828,53.0519
5/03/2021,221.3371,55.2438
8/03/2021,217.3136,54.4343
9/03/2021,223.4204,56.9992
10/03/2021,222.1207,56.6172
11/03/2021,226.622,57.5812
12/03/2021,225.3032,57.2083
15/03/2021,224.4048,58.0178
16/03/2021,227.1763,58.9182
17/03/2021,226.5359,59.8277
18/03/2021,220.4961,57.9632
19/03/2021,220.1425,57.9905
22/03/2021,225.5325,59.6913
23/03/2021,227.0521,57.7359
24/03/2021,225.026,56.4262
25/03/2021,222.0443,56.408
26/03/2021,226.0008,59.0001
29/03/2021,224.8157,58.6636
30/03/2021,221.5759,57.9996
31/03/2021,225.3222,58.2088
1/04/2021,231.6107,58.709
5/04/2021,238.0329,60.519
6/04/2021,236.8765,59.6276
7/04/2021,238.8261,60.2552
8/04/2021,242.0277,60.9828
9/04/2021,244.5125,62.0833
12/04/2021,244.5698,59.4912
13/04/2021,247.0355,59.3184
14/04/2021,244.2639,58.3816
15/04/2021,248.0007,59.1365
16/04/2021,249.1857,58.8909
19/04/2021,247.2744,57.8723
20/04/2021,246.8157,57.0264
21/04/2021,249.0328,57.936
22/04/2021,245.774,56.9082
23/04/2021,249.5776,53.8795
26/04/2021,249.9598,53.443
27/04/2021,250.3613,52.7244
28/04/2021,243.2796,52.4061
29/04/2021,241.3204,53.0064
30/04/2021,241.0051,52.3243
3/05/2021,240.6992,52.0787
4/05/2021,236.8096,51.7513
5/05/2021,235.5481,51.7058
6/05/2021,238.6636,52.3354
7/05/2021,241.2727,52.7746
10/05/2021,236.2266,51.219
11/05/2021,235.3187,50.3679
12/05/2021,228.4091,49.0684
13/05/2021,232.2605,49.4253
14/05/2021,237.1537,50.6516
17/05/2021,234.3153,50.6333
18/05/2021,232.3084,50.1849
19/05/2021,232.8831,50.6607
20/05/2021,236.1015,51.2007
21/05/2021,234.8467,51.3196
24/05/2021,240.2205,52.1249
25/05/2021,241.1209,52.0426
26/05/2021,240.9006,52.0883
27/05/2021,238.8124,52.8295
28/05/2021,239.1668,52.2713
1/06/2021,236.9828,52.0609
2/06/2021,236.8871,52.6008
3/06/2021,235.364,51.466
4/06/2021,240.2301,52.5001
7/06/2021,243.123,52.2439
8/06/2021,241.9352,52.1615
9/06/2021,242.9122,52.1615
10/06/2021,246.4085,52.5093
11/06/2021,247.0311,52.9394
14/06/2021,248.9469,53.2505
15/06/2021,247.4813,53.0675
16/06/2021,246.5427,52.3628
17/06/2021,249.9144,52.3262
18/06/2021,248.5063,50.9444
21/06/2021,251.5716,51.1274
22/06/2021,254.3302,51.1274
23/06/2021,254.1004,50.5692
24/06/2021,255.4606,51.3105
25/06/2021,253.8609,51.164
28/06/2021,257.4051,52.6008
29/06/2021,259.9723,51.9328
30/06/2021,259.4933,51.3745
1/07/2021,260.1638,51.2556
2/07/2021,265.9591,51.9419
6/07/2021,265.9687,51.3288
7/07/2021,268.1431,51.2098
8/07/2021,265.7388,50.6882
9/07/2021,266.2369,51.2373
12/07/2021,265.643,51.9144
13/07/2021,269.149,52.0426
14/07/2021,270.6145,51.7223
15/07/2021,269.1968,51.0725
16/07/2021,268.9286,50.3038
19/07/2021,265.346,50.0019
20/07/2021,267.5589,50.5509
21/07/2021,269.5513,51.4569
22/07/2021,274.0916,51.2098
23/07/2021,277.4731,48.5011
26/07/2021,276.8791,49.6999
27/07/2021,274.4748,48.6658
28/07/2021,274.1683,48.5651
29/07/2021,274.4365,49.1416
30/07/2021,272.9134,49.16
2/08/2021,272.8272,49.1233
3/08/2021,275.0304,49.4711
4/08/2021,274.446,49.3247
5/08/2021,277.3293,49.636
6/08/2021,277.2718,49.6636
9/08/2021,276.1894,49.7834
10/08/2021,274.379,49.682
11/08/2021,274.8675,49.8662
12/08/2021,277.6071,49.3136
13/08/2021,280.5191,49.2676
16/08/2021,282.1954,49.2491
17/08/2021,280.7394,48.5307
18/08/2021,279.0215,48.0702
19/08/2021,284.8182,48.3004
20/08/2021,292.1026,47.9044
23/08/2021,292.381,49.0281
24/08/2021,290.4327,49.5623
25/08/2021,289.8473,49.5623
26/08/2021,287.0448,48.936
27/08/2021,287.6495,49.636
30/08/2021,291.3636,49.682
31/08/2021,289.7225,49.7926
1/09/2021,289.6744,49.4333
2/09/2021,289.0219,49.4886
3/09/2021,289.0123,49.286
7/09/2021,288.0909,49.4149
8/09/2021,288.1197,49.3412
9/09/2021,285.279,49.1847
10/09/2021,283.801,49.5899
13/09/2021,285.0294,50.6492
14/09/2021,287.7166,50.2163
15/09/2021,292.5441,50.7689
16/09/2021,292.928,50.5018
17/09/2021,287.7934,49.9768
20/09/2021,282.4477,48.7978
21/09/2021,282.9276,48.6965
22/09/2021,286.5554,49.2768
23/09/2021,287.4959,49.7649
24/09/2021,287.2945,49.9399
27/09/2021,282.323,50.3452
28/09/2021,272.1019,49.7373
29/09/2021,272.5625,49.2676
30/09/2021,270.5663,49.0741
1/10/2021,277.4572,49.6083
4/10/2021,271.7083,49.2491
5/10/2021,277.1309,49.6912
6/10/2021,281.3057,49.7189
7/10/2021,282.9756,49.9031
8/10/2021,282.9756,49.5623
11/10/2021,282.3806,49.2215
12/10/2021,281.0849,48.0518
13/10/2021,284.3768,48.1347
14/10/2021,290.5574,49.6452
15/10/2021,291.9586,50.161
18/10/2021,294.9145,50.1702
19/10/2021,295.8168,50.8518
20/10/2021,295.0298,50.9992
21/10/2021,298.2448,51.5794
22/10/2021,296.7093,45.5557
25/10/2021,295.7208,45.5096
26/10/2021,297.621,44.4688
27/10/2021,310.1551,44.1096
28/10/2021,311.2876,44.2846
29/10/2021,318.2648,45.132
1/11/2021,316.1054,45.6386
2/11/2021,319.7139,45.9241
3/11/2021,320.549,46.4123
4/11/2021,322.8906,46.6608
5/11/2021,322.5259,47.2266
8/11/2021,323.4185,47.8109
9/11/2021,322.4204,47.4863
10/11/2021,317.4777,47.0782
11/11/2021,319.0421,46.8649
12/11/2021,323.1593,46.6608
15/11/2021,322.5356,46.6701
16/11/2021,325.837,46.9391
17/11/2021,326.0581,46.5866
18/11/2021,328.1253,46.0765
19/11/2021,329.8944,45.9281
22/11/2021,326.7408,46.2156
23/11/2021,324.6736,45.5386
24/11/2021,324.8948,46.1507
26/11/2021,316.9818,45.2418
29/11/2021,323.664,46.3733
30/11/2021,317.8567,45.6313
1/12/2021,317.3664,45.0749
2/12/2021,316.7991,45.9096
3/12/2021,310.5687,45.6777
6/12/2021,313.6262,47.2915
7/12/2021,322.0198,48.7569
8/12/2021,322.068,47.9964
9/12/2021,320.27,46.8185
10/12/2021,329.3464,46.9205
13/12/2021,326.3274,46.3733
14/12/2021,315.6934,46.0951
15/12/2021,321.7603,46.9947
16/12/2021,312.3858,47.1431
17/12/2021,311.3282,46.9483
20/12/2021,307.588,46.0023
21/12/2021,314.6838,47.0875
22/12/2021,320.3662,47.273
23/12/2021,321.7988,47.5883
27/12/2021,329.2599,48.1726
28/12/2021,328.1061,48.0057
29/12/2021,328.7792,48.0706
30/12/2021,326.2504,47.9871
31/12/2021,323.3661,47.7645
3/01/2022,321.8565,49.3505
4/01/2022,316.3376,49.2856
5/01/2022,304.194,49.9626
6/01/2022,301.7904,50.0925
7/01/2022,301.9441,49.5638
10/01/2022,302.1653,51.2054
11/01/2022,302.848,51.8546
12/01/2022,306.0112,51.697
13/01/2022,293.06,50.955
14/01/2022,298.2521,51.6599
18/01/2022,290.9928,50.7881
19/01/2022,291.6466,49.7307
20/01/2022,289.9833,48.2654
21/01/2022,284.6279,48.2654
24/01/2022,284.9548,48.1726
25/01/2022,277.3783,47.3008
26/01/2022,285.2817,47.9407
27/01/2022,288.2911,44.5648
28/01/2022,296.3867,44.268
31/01/2022,299.002,45.2789
1/02/2022,296.8675,45.3995
2/02/2022,301.3865,45.9189
3/02/2022,289.6468,44.7781
4/02/2022,294.1562,44.8669
7/02/2022,289.3583,45.0257
8/02/2022,292.8293,45.6145
9/02/2022,299.2231,46.6425
10/02/2022,290.7333,45.6612
11/02/2022,283.676,44.5117
14/02/2022,283.6375,44.465
15/02/2022,288.8969,45.2687
16/02/2022,288.5596,45.0724
17/02/2022,280.1099,44.4557
18/02/2022,277.4122,42.0913
22/02/2022,277.2098,41.7642
23/02/2022,270.0321,41.7268
24/02/2022,283.8289,43.6613
25/02/2022,286.4496,44.5865
28/02/2022,287.8756,44.5772
1/03/2022,284.1759,43.7548
2/03/2022,289.2245,45.6706
3/03/2022,285.1104,44.7921
4/03/2022,279.2717,44.9229
7/03/2022,268.7218,44.5585
8/03/2022,265.7735,44.3902
9/03/2022,277.9615,44.5117
10/03/2022,275.1577,43.6052
11/03/2022,269.8394,42.8296
14/03/2022,266.342,41.4932
15/03/2022,276.6607,41.8764
16/03/2022,283.6363,43.5772
17/03/2022,284.436,44.0538
18/03/2022,289.4556,44.3435
21/03/2022,288.232,44.2874
22/03/2022,292.953,45.222
23/03/2022,288.55,45.1098
24/03/2022,292.9917,48.2405
25/03/2022,292.5869,48.4368
28/03/2022,299.3505,48.1377
29/03/2022,303.8885,48.8293
30/03/2022,302.395,48.063
31/03/2022,297.0478,46.3154
1/04/2022,298.1172,44.9603
4/04/2022,303.4645,45.979
5/04/2022,299.524,44.979
6/04/2022,288.5596,44.4276
7/04/2022,290.3613,44.4463
8/04/2022,286.122,43.9417
11/04/2022,274.8398,43.5211
12/04/2022,271.7567,43.4557
13/04/2022,277.1136,43.9323
14/04/2022,269.6082,42.68
18/04/2022,270.2729,43.5866
19/04/2022,274.8783,44.7921
20/04/2022,275.8996,44.9603
21/04/2022,270.5524,44.3902
22/04/2022,264.0201,43.4931
25/04/2022,270.4656,43.9791
26/04/2022,260.3492,42.5399
27/04/2022,272.8743,42.2595
28/04/2022,279.0501,43.7735
29/04/2022,267.3825,40.7362
2/05/2022,274.0786,42.0165
3/05/2022,271.4869,42.11
4/05/2022,279.3874,43.4931
5/05/2022,267.2188,42.0096
6/05/2022,264.6945,41.727
9/05/2022,254.9152,40.5684
10/05/2022,259.6555,41.4538
11/05/2022,251.0324,40.3424
12/05/2022,246.0224,40.3518
13/05/2022,251.5815,41.0677
16/05/2022,251.9477,40.5779
17/05/2022,257.0734,41.8212
18/05/2022,245.3689,39.8902
19/05/2022,244.4612,39.57
20/05/2022,243.901,39.2309
23/05/2022,251.7137,39.5606
24/05/2022,250.7189,39.2498
25/05/2022,253.5196,39.749
26/05/2022,256.7837,40.9546
27/05/2022,263.8719,41.9625
31/05/2022,262.549,41.84
1/06/2022,263.0802,41.548
2/06/2022,265.166,42.2356
3/06/2022,260.7624,40.8699
6/06/2022,259.5359,40.8228
7/06/2022,263.1574,41.0017
8/06/2022,261.1391,38.8353
9/06/2022,255.7117,37.6862
10/06/2022,244.3163,36.9044
13/06/2022,233.9541,35.5763
14/06/2022,236.1077,35.727
15/06/2022,243.1284,36.4052
16/06/2022,236.5712,35.1712
17/06/2022,239.1594,34.8227
21/06/2022,245.0406,35.5386
22/06/2022,244.4515,35.2089
23/06/2022,249.985,35.2372
24/06/2022,258.5219,36.3675
27/06/2022,255.8083,36.3863
28/06/2022,247.6866,35.5857
29/06/2022,251.3371,35.1242
30/06/2022,248.0246,35.2372
1/07/2022,250.6803,34.2293
5/07/2022,253.8382,34.559
6/07/2022,257.0831,34.8416
7/07/2022,259.1979,35.9248
8/07/2022,258.4833,35.7835
11/07/2022,255.4413,35.0394
12/07/2022,244.973,35.0488
13/07/2022,244.0556,35.0488
14/07/2022,245.3689,35.5198
15/07/2022,247.9184,36.3769
18/07/2022,245.5331,36.4617
19/07/2022,250.6321,37.884
20/07/2022,253.2782,38.2042
21/07/2022,255.76,38.2513
22/07/2022,251.4335,36.9232
25/07/2022,249.9561,36.8855
26/07/2022,243.2637,36.6972
27/07/2022,259.5263,37.8463
28/07/2022,266.9333,37.4036
29/07/2022,271.1149,34.2011
1/08/2022,268.4785,34.8133
2/08/2022,265.3978,33.9185
3/08/2022,272.7856,34.3989
4/08/2022,273.9251,33.9279
5/08/2022,273.2104,33.671
8/08/2022,270.7093,33.6615
9/08/2022,272.6214,32.8433
10/08/2022,279.2462,33.652
11/08/2022,277.1796,33.8613
12/08/2022,281.9019,34.3561
15/08/2022,283.4084,34.5749
16/08/2022,282.6745,34.4322
17/08/2022,281.9293,34.0421
18/08/2022,280.8164,34.4417
19/08/2022,276.926,33.6615
22/08/2022,268.7968,32.1963
23/08/2022,267.5289,32.301
24/08/2022,266.9,32.2153
25/08/2022,269.8613,33.1953
26/08/2022,259.4482,31.7396
29/08/2022,256.6803,31.34
30/08/2022,254.4931,30.6931
31/08/2022,253.0415,30.3696
1/09/2022,252.006,30.2173
2/09/2022,247.8059,29.7036
6/09/2022,245.0865,28.8853
7/09/2022,249.7705,29.1613
8/09/2022,250.1866,29.2564
9/09/2022,255.9351,29.9319
12/09/2022,258.0546,30.0271
13/09/2022,243.8671,27.8673
14/09/2022,244.0897,27.7627
15/09/2022,237.4702,27.4392
16/09/2022,236.8508,27.8197
19/09/2022,236.6379,28.01
20/09/2022,234.6346,27.5533
21/09/2022,231.2475,27.0871
22/09/2022,233.212,26.7066
23/09/2022,230.2506,26.1833
26/09/2022,229.7958,25.66
27/09/2022,228.7893,25.5839
28/09/2022,233.2991,25.8122
29/09/2022,229.8442,25.0987
30/09/2022,225.3925,24.5183
3/10/2022,232.9798,25.66
4/10/2022,240.8573,26.3545
5/10/2022,241.167,26.2975
6/10/2022,238.8347,25.8598
7/10/2022,226.6893,24.4707
10/10/2022,221.8601,23.976
11/10/2022,218.1439,23.8238
12/10/2022,218.473,24.0997
13/10/2022,226.6893,25.1367
14/10/2022,221.1924,24.6515
17/10/2022,229.8732,25.1367
18/10/2022,230.812,24.6134
19/10/2022,228.8571,24.7371
20/10/2022,228.5377,24.8132
21/10/2022,234.3153,25.66
24/10/2022,239.2799,25.8598
25/10/2022,242.58,26.0786
26/10/2022,223.8634,25.8884
27/10/2022,219.4407,24.994
28/10/2022,228.2667,27.658
31/10/2022,224.6473,27.0491
1/11/2022,220.8149,26.9254
2/11/2022,213.0051,26.0881
3/11/2022,207.3436,26.0596
4/11/2022,214.2535,27.1926
7/11/2022,220.5246,27.3951
8/11/2022,221.4924,27.4626
9/11/2022,217.2729,26.5369
10/11/2022,235.1475,28.6969
11/11/2022,239.1444,29.343
14/11/2022,233.7636,29.2658
15/11/2022,234.1701,29.613
16/11/2022,234.5971,28.4751
17/11/2022,234.5486,28.8223
18/11/2022,234.1022,28.803
21/11/2022,234.9077,27.9062
22/11/2022,237.7997,28.7548
23/11/2022,240.2745,28.6101
25/11/2022,240.1871,28.2919
28/11/2022,234.6262,27.7037
29/11/2022,233.2384,27.8676
30/11/2022,247.6114,28.9958
1/12/2022,247.1747,28.7644
2/12/2022,247.495,28.3594
5/12/2022,242.8172,28.128
6/12/2022,237.8871,27.5783
7/12/2022,237.1592,27.318
8/12/2022,240.0998,27.4241
9/12/2022,238.1782,27.2312
12/12/2022,245.059,27.6651
13/12/2022,249.3389,27.7037
14/12/2022,249.6301,27.2505
15/12/2022,241.6623,26.1801
16/12/2022,237.4698,25.9584
19/12/2022,233.3549,25.833
20/12/2022,234.6651,25.4955
21/12/2022,237.2174,25.8716
22/12/2022,231.1616,25.0423
23/12/2022,231.6856,25.158
27/12/2022,229.9679,25.0134
28/12/2022,227.6096,24.6277
29/12/2022,233.8983,25.2737
30/12/2022,232.7435,25.4859
3/01/2023,232.5105,25.7751
4/01/2023,222.3398,26.6912
5/01/2023,215.7501,26.5755
6/01/2023,218.2928,27.7037
9/01/2023,220.4182,28.263
10/01/2023,222.0972,28.3883
11/01/2023,228.813,28.7837
12/01/2023,231.4721,29.208
13/01/2023,232.1709,29.0344
17/01/2023,233.2579,28.5426
18/01/2023,228.8518,27.7808
19/01/2023,225.0863,27.4048
20/01/2023,233.1317,28.1762
23/01/2023,235.422,29.1887
24/01/2023,234.8979,28.8512
25/01/2023,233.5102,28.6391
26/01/2023,240.6821,29.0151
27/01/2023,240.8374,27.1541
30/01/2023,235.5482,26.9516
31/01/2023,240.4977,27.2505
1/02/2023,245.2919,28.0316
2/02/2023,256.7923,29.1115
3/02/2023,250.7267,29.2369
6/02/2023,249.1933,28.0022
7/02/2023,259.6649,28.3536
8/02/2023,258.8595,27.563
9/02/2023,255.8412,27.0652
10/02/2023,255.3366,27.1336
13/02/2023,263.314,27.8656
14/02/2023,264.1389,27.9534
15/02/2023,262.0276,28.1584
16/02/2023,255.0518,27.524
17/02/2023,251.0725,26.9481
21/02/2023,245.8285,25.4353
22/02/2023,244.6999,24.8594
23/02/2023,247.8716,24.9961
24/02/2023,242.4719,24.5373
27/02/2023,243.3865,24.3031
28/02/2023,242.6665,24.3324
1/03/2023,239.6018,24.7228
2/03/2023,244.3107,25.5719
3/03/2023,248.3775,25.7671
6/03/2023,249.9147,25.367
7/03/2023,247.2684,24.918
8/03/2023,246.8306,25.3572
9/03/2023,245.488,25.8062
10/03/2023,241.8589,26.5675
13/03/2023,247.0446,26.3039
14/03/2023,253.7287,27.3385
15/03/2023,258.2527,27.7289
16/03/2023,268.7214,29.4565
17/03/2023,271.8639,29.0954
20/03/2023,264.8588,28.461
21/03/2023,266.3669,27.7777
22/03/2023,264.9172,27.4557
23/03/2023,270.1418,28.3341
24/03/2023,272.973,28.6562
27/03/2023,268.8965,28.4805
28/03/2023,267.7776,28.5878
29/03/2023,272.9147,30.7644
30/03/2023,276.3588,31.3207
31/03/2023,280.4937,31.8868
3/04/2023,279.4528,32.1015
4/04/2023,279.4041,32.3065
5/04/2023,276.6409,32.043
6/04/2023,283.7044,32.0235
10/04/2023,281.5543,31.7404
11/04/2023,275.1718,31.5745
12/04/2023,275.814,31.2524
13/04/2023,281.9921,31.3598
14/04/2023,278.3922,31.1255
17/04/2023,280.9801,31.3695
18/04/2023,280.5619,31.067
19/04/2023,280.6397,30.4033
20/04/2023,278.363,30.1202
21/04/2023,278.0225,29.5736
24/04/2023,274.1405,28.949
25/04/2023,267.9626,28.1877
26/04/2023,287.3723,28.3536
27/04/2023,296.5762,29.1442
28/04/2023,298.9403,30.3154
1/05/2023,297.2863,29.5736
2/05/2023,297.1404,29.0563
3/05/2023,296.1579,29.9152
4/05/2023,297.1404,30.616
5/05/2023,302.2385,30.371
8/05/2023,300.2927,30.1553
9/05/2023,298.6874,29.4987
10/05/2023,303.8535,29.3713
11/05/2023,301.7132,28.2835
12/05/2023,300.604,28.3717
15/05/2023,301.0808,29.2047
16/05/2023,303.2991,28.6363
17/05/2023,306.1657,28.2933
18/05/2023,310.5729,29.0871
19/05/2023,310.3974,29.3321
22/05/2023,313.1666,29.6751
23/05/2023,307.3943,28.9205
24/05/2023,306.0195,28.4207
25/05/2023,317.7883,26.8527
26/05/2023,324.5844,28.4207
30/05/2023,322.9463,29.3909
31/05/2023,320.1967,30.812
1/06/2023,324.2821,30.5082
2/06/2023,327.0317,30.6846
5/06/2023,327.5583,29.2635
6/06/2023,325.3547,30.3416
7/06/2023,315.3117,30.6552
8/06/2023,317.1448,31.1844
9/06/2023,318.6366,30.714
12/06/2023,323.5703,32.4094
13/06/2023,325.9495,33.2326
14/06/2023,328.9233,34.8693
15/06/2023,339.4149,35.1045
16/06/2023,333.7889,35.6435
20/06/2023,329.6156,34.3008
21/06/2023,325.2377,32.2428
22/06/2023,331.2343,32.0566
23/06/2023,326.6612,32.3408
26/06/2023,320.4015,32.674
27/06/2023,326.2225,33.4188
28/06/2023,327.4706,32.8994
29/06/2023,326.6905,32.2526
30/06/2023,332.0435,32.772
3/07/2023,329.5571,32.9484
5/07/2023,329.7132,31.8606
6/07/2023,332.7553,31.3314
7/07/2023,328.8064,31.2138
10/07/2023,323.5508,32.086
11/07/2023,324.1749,32.6348
12/07/2023,328.7869,33.3012
13/07/2023,334.1107,33.1934
14/07/2023,336.6263,32.4878
17/07/2023,337.1041,33.6834
18/07/2023,350.5208,33.8108
19/07/2023,346.2208,33.7716
20/07/2023,338.2156,32.7034
21/07/2023,335.1929,33.3404
24/07/2023,336.4995,32.9582
25/07/2023,342.2231,33.4188
26/07/2023,329.3427,33.6736
27/07/2023,322.4685,33.8598
28/07/2023,329.9276,36.0943
31/07/2023,327.5388,35.0555
1/08/2023,327.9484,35.0849
2/08/2023,319.3289,33.703
3/08/2023,318.5098,34.1734
4/08/2023,319.6019,34.562
7/08/2023,321.8737,34.6505
8/08/2023,317.9151,34.4439
9/08/2023,314.1903,33.7161
10/08/2023,314.8729,34.1095
11/08/2023,313.0009,34.3161
14/08/2023,315.9552,35.0931
15/08/2023,313.8295,34.198
16/08/2023,313.0674,32.9784
17/08/2023,309.6281,32.0441
18/08/2023,309.2372,32.2113
21/08/2023,314.5136,32.5948
22/08/2023,315.0803,32.349
23/08/2023,319.5164,33.421
24/08/2023,312.6473,32.0539
25/08/2023,315.5884,32.703
28/08/2023,316.2919,33.067
29/08/2023,320.8941,33.7456
30/08/2023,321.2654,33.962
31/08/2023,320.259,34.562
1/09/2023,321.1384,36.0078
5/09/2023,325.9165,36.1061
6/09/2023,325.2619,36.3717
7/09/2023,322.3598,37.5519
8/09/2023,326.62,37.3847
11/09/2023,330.206,37.9552
12/09/2023,324.1772,38.2208
13/09/2023,328.369,38.0732
14/09/2023,330.9486,38.0339
15/09/2023,322.6627,37.2569
18/09/2023,321.5293,37.3651
19/09/2023,321.1287,35.7422
20/09/2023,313.429,34.1194
21/09/2023,312.2174,34.08
22/09/2023,309.755,33.6177
25/09/2023,310.2729,33.7259
26/09/2023,304.9965,33.2735
27/09/2023,305.6316,34.0407
28/09/2023,306.4622,34.6013
29/09/2023,308.5239,34.9652
2/10/2023,314.4354,34.8767
3/10/2023,306.218,35.1029
4/10/2023,311.6604,35.339
5/10/2023,312.0513,35.2996
6/10/2023,319.7705,35.5947
9/10/2023,322.2719,35.4668
10/10/2023,320.8747,35.8307
11/10/2023,324.8123,36.2733
12/10/2023,323.5812,36.234
13/10/2023,320.2298,35.3783
16/10/2023,325.0273,35.9586
17/10/2023,324.4606,35.4668
18/10/2023,322.5552,35.0537
19/10/2023,323.7376,35.0832
20/10/2023,319.194,34.3456
23/10/2023,321.7834,33.2932
24/10/2023,322.9656,34.021
25/10/2023,332.8736,32.2899
26/10/2023,320.386,31.9851
27/10/2023,322.2621,34.9554
30/10/2023,329.5905,35.1029
31/10/2023,330.3722,35.8996
1/11/2023,338.1499,36.6766
2/11/2023,340.3485,37.0798
3/11/2023,344.726,37.5126
6/11/2023,348.3706,37.4485
7/11/2023,352.2791,38.2576
8/11/2023,354.8879,37.4189
9/11/2023,352.4354,37.3004
10/11/2023,361.2099,38.3464
13/11/2023,358.2884,37.7248
14/11/2023,361.7961,38.8892
15/11/2023,361.943,40.0733
16/11/2023,368.3072,42.7771
17/11/2023,362.1193,43.231
20/11/2023,369.5507,44.1487
21/11/2023,365.272,43.0633
22/11/2023,369.9521,43.0929
24/11/2023,369.5407,43.379
27/11/2023,370.6962,43.4974
28/11/2023,374.7007,43.6455
29/11/2023,370.9312,44.3461
30/11/2023,370.9899,44.1093
1/12/2023,366.6819,43.1619
4/12/2023,361.4241,41.7903
5/12/2023,364.7334,41.366
6/12/2023,361.0912,40.7246
7/12/2023,363.1963,41.593
8/12/2023,366.4077,42.1357
11/12/2023,363.5389,43.9514
12/12/2023,366.5546,43.458
13/12/2023,366.5447,43.981
14/12/2023,358.2811,44.5829
15/12/2023,362.9809,45.55
18/12/2023,364.8607,45.0862
19/12/2023,365.458,46.0433
20/12/2023,362.8731,45.1552
21/12/2023,365.7321,46.4578
22/12/2023,366.7504,47.3656
26/12/2023,366.8287,49.8326
27/12/2023,366.2511,50.0892
28/12/2023,367.4357,49.7241
29/12/2023,368.1799,49.5859
2/01/2024,363.1179,47.1683
3/01/2024,362.8536,46.4282
4/01/2024,360.2492,46.2506
5/01/2024,360.0631,46.2703
8/01/2024,366.858,47.8097
9/01/2024,367.9351,47.415
10/01/2024,374.7692,46.8426
11/01/2024,376.5903,47.0104
12/01/2024,380.35,46.4973
16/01/2024,382.1124,46.4381
17/01/2024,381.3291,45.4513
18/01/2024,385.6372,46.1223
19/01/2024,390.3368,47.5137
22/01/2024,388.222,47.5827
23/01/2024,390.562,48.2439
24/01/2024,394.1455,48.4412
25/01/2024,396.4072,48.8952
26/01/2024,395.4869,43.0731
29/01/2024,401.1558,43.2606
30/01/2024,400.0495,42.3528
31/01/2024,389.2696,42.5107
1/02/2024,395.3401,42.787
2/02/2024,402.6245,42.037
5/02/2024,397.171,42.2048
6/02/2024,397.0143,42.2988
7/02/2024,405.3954,42.3384
8/02/2024,405.4541,42.0613
9/02/2024,411.7595,42.8629
12/02/2024,406.58,43.5755
13/02/2024,397.8269,42.7144
14/02/2024,401.6721,43.7338
15/02/2024,398.798,43.5953
16/02/2024,396.3457,43.0608
20/02/2024,395.1,44.0604
21/02/2024,394.5016,43.0212
22/02/2024,403.7909,42.5363
23/02/2024,402.5058,42.5462
26/02/2024,399.7594,42.5462
27/02/2024,399.7005,42.2889
28/02/2024,399.9359,41.5565
29/02/2024,405.7429,42.6056
1/03/2024,407.5674,43.3676
4/03/2024,406.9985,45.1391
5/03/2024,394.9626,42.7144
6/03/2024,394.4134,44.0505
7/03/2024,401.3288,45.6736
8/03/2024,398.4645,43.5458
11/03/2024,396.797,44.3969
12/03/2024,407.3515,44.773
13/03/2024,407.175,42.7837
14/03/2024,417.1018,42.3087
15/03/2024,408.4698,42.1998
18/03/2024,409.3526,42.2691
19/03/2024,413.3646,41.6159
20/03/2024,417.1116,41.7644
21/03/2024,421.1725,41.9821
22/03/2024,420.5545,42.1305
25/03/2024,414.7868,41.3982
26/03/2024,413.5999,41.5565
27/03/2024,413.3841,43.3181
28/03/2024,412.6877,43.714
1/04/2024,416.4642,44.0604
2/04/2024,413.394,43.4864
3/04/2024,412.4228,39.9137
4/04/2024,409.9019,39.3199
5/04/2024,417.396,38.3104
8/04/2024,416.4838,37.5879
9/04/2024,418.1415,37.9343
10/04/2024,415.1792,36.816
11/04/2024,419.7601,37.2415
12/04/2024,413.8452,35.3216
15/04/2024,405.7429,35.9352
16/04/2024,406.6649,35.8857
17/04/2024,403.9772,35.3117
18/04/2024,396.5518,34.6783
19/04/2024,391.5001,33.8469
22/04/2024,393.305,34.0548
23/04/2024,399.7888,33.9261
24/04/2024,401.2503,34.1438
25/04/2024,391.4216,34.7475
26/04/2024,398.5626,31.5509
29/04/2024,394.5703,31.0363
30/04/2024,381.897,30.1554
1/05/2024,387.3999,30.0565
2/05/2024,390.2446,30.195
3/05/2024,398.8961,30.581
6/05/2024,405.6448,30.7748
7/05/2024,401.525,30.4866
8/05/2024,402.7021,29.8109
9/05/2024,404.4481,29.9003
10/05/2024,406.8218,29.6618
13/05/2024,405.8214,30.3177
14/05/2024,408.6071,30.8543
15/05/2024,415.7512,31.0729
16/05/2024,413.6974,31.8281
17/05/2024,412.9309,31.6294
20/05/2024,417.972,31.8977
21/05/2024,421.608,31.5399
22/05/2024,423.0623,31.2219
23/05/2024,419.6033,29.8904
24/05/2024,422.7086,30.5264
28/05/2024,422.8658,30.8642
29/05/2024,421.7357,29.9401
30/05/2024,407.4868,29.9997
31/05/2024,407.9389,30.6555
3/06/2024,406.3568,30.0991
4/06/2024,408.8626,29.8407
5/06/2024,416.6651,30.586
6/06/2024,417.1662,30.2282
7/06/2024,416.5078,30.5462
10/06/2024,420.4582,30.7152
11/06/2024,425.1849,30.7251
12/06/2024,433.4198,30.5661
13/06/2024,433.9307,30.268
14/06/2024,434.9036,30.2581
17/06/2024,440.6031,30.7847
18/06/2024,438.6083,30.4369
20/06/2024,437.9793,30.427
21/06/2024,441.9887,30.894
24/06/2024,439.9153,30.3773
25/06/2024,443.1385,30.5462
26/06/2024,444.3275,30.3475
27/06/2024,445.0056,30.3972
28/06/2024,439.2077,30.7748
1/07/2024,448.8183,30.6456
2/07/2024,451.3241,30.8741
3/07/2024,452.7883,31.0331
5/07/2024,459.4607,31.8182
8/07/2024,458.1635,33.7757
9/07/2024,451.5797,34.372
10/07/2024,458.1734,34.6502
11/07/2024,446.8235,33.2888
12/07/2024,445.6934,34.2726
15/07/2024,446.0963,34.2428
16/07/2024,441.7332,34.1235
17/07/2024,435.8371,34.2428
18/07/2024,432.7417,34.6502
19/07/2024,429.5381,32.7721
22/07/2024,435.2672,33.1596
23/07/2024,437.1442,32.7423
24/07/2024,421.4703,31.5002
25/07/2024,411.1523,30.904
26/07/2024,417.9033,31.1524
29/07/2024,419.338,30.6357
30/07/2024,415.594,29.9401
31/07/2024,411.1031,30.5462
1/08/2024,409.8846,28.8669
2/08/2024,401.414,21.3446
5/08/2024,388.3051,19.9832
6/08/2024,392.6877,19.705
7/08/2024,391.5282,18.99
8/08/2024,395.7144,20.49
9/08/2024,398.9867,19.71
12/08/2024,399.763,19.36
13/08/2024,406.8383,20.47
14/08/2024,409.6389,19.92
15/08/2024,414.4824,20.69
16/08/2024,411.9622,20.87
19/08/2024,414.9747,21.52
20/08/2024,418.1938,20.99
21/08/2024,417.5441,21.41
22/08/2024,409.0877,20.1
23/08/2024,410.3084,20.54
26/08/2024,407.0597,20.13
27/08/2024,407.4042,20.07
28/08/2024,404.2147,19.61
29/08/2024,406.6954,20.13
30/08/2024,410.6529,22.04
3/09/2024,403.0726,20.1
4/09/2024,402.5411,19.43
5/09/2024,402.039,19.4
6/09/2024,395.453,18.89
9/09/2024,399.4105,19.07
10/09/2024,407.7587,18.98
11/09/2024,416.4612,19.64
12/09/2024,420.3596,19.36
13/09/2024,423.8937,19.66
16/09/2024,424.6321,20.91
17/09/2024,428.3829,21.47
18/09/2024,424.1103,20.77
19/09/2024,431.8678,21.14
20/09/2024,428.5009,21.84
23/09/2024,426.7683,22.56
24/09/2024,422.4959,22.81
25/09/2024,425.3901,23.54
26/09/2024,424.6026,23.92
27/09/2024,421.3637,23.91
30/09/2024,423.6082,23.46
1/10/2024,414.1477,22.69
2/10/2024,410.6431,22.39
3/10/2024,410.0623,22.26
4/10/2024,409.5897,22.59
7/10/2024,403.1711,22.38
8/10/2024,408.2607,23.32
9/10/2024,410.9679,23.46
10/10/2024,409.3731,23.22
11/10/2024,409.8457,23.56
14/10/2024,412.6218,23.44
15/10/2024,412.228,22.66
16/10/2024,409.6488,22.31
17/10/2024,410.2395,22.44
18/10/2024,411.6571,22.77
21/10/2024,412.2675,22.84
22/10/2024,420.8617,22.4
23/10/2024,417.9969,21.98
24/10/2024,418.1249,22.34
25/10/2024,421.4917,22.68
28/10/2024,419.956,22.92
29/10/2024,425.2326,22.9
30/10/2024,425.8036,22.3
31/10/2024,400.0308,21.52
1/11/2024,403.9882,23.2
4/11/2024,402.1079,22.52
5/11/2024,405.0612,23.32
6/11/2024,413.6456,25.05
7/11/2024,418.814,26.23
8/11/2024,415.9689,26.2
11/11/2024,411.5094,25.05
12/11/2024,416.4513,24.16
13/11/2024,418.5876,24.92
14/11/2024,420.2513,25.03
15/11/2024,408.5462,24.35
18/11/2024,409.2944,24.84
19/11/2024,411.2928,24.2
20/11/2024,409.0286,24.01
21/11/2024,407.2629,24.44
22/11/2024,411.3368,24.5
25/11/2024,413.1025,24.87
26/11/2024,422.1776,24.05
27/11/2024,417.2455,23.65
29/11/2024,417.7091,24.05
2/12/2024,425.127,23.93
3/12/2024,425.344,22.47
4/12/2024,431.4795,21.96
5/12/2024,436.6089,20.8
6/12/2024,437.5459,20.92
9/12/2024,439.9626,20.81
10/12/2024,437.3092,20.16
11/12/2024,442.8924,20.12
12/12/2024,443.4546,20.78
13/12/2024,441.1957,20.34
16/12/2024,445.457,20.83
17/12/2024,448.2881,20.44
18/12/2024,431.4499,19.3
19/12/2024,431.0948,19.06
20/12/2024,430.6706,19.52
23/12/2024,429.339,20.2
24/12/2024,433.3636,20.4
26/12/2024,432.1601,20.44
27/12/2024,424.683,20.3
30/12/2024,419.0605,19.82
31/12/2024,415.7757,20.05
2/01/2025,412.8954,20.22
3/01/2025,417.6006,20.56
6/01/2025,422.0395,19.87
7/01/2025,416.6339,20.01
8/01/2025,418.7941,19.88
10/01/2025,413.2603,19.15
13/01/2025,411.5243,19.2
14/01/2025,410.0249,19.2
15/01/2025,420.5204,19.72
16/01/2025,418.8138,19.67
17/01/2025,423.2034,21.49
21/01/2025,422.6806,21.77
22/01/2025,440.1403,21.86
23/01/2025,440.6433,21.57
24/01/2025,438.0294,20.83
27/01/2025,428.6583,20.29
28/01/2025,441.1267,19.8
29/01/2025,436.3228,19.75
30/01/2025,409.3541,20.01
31/01/2025,409.4231,19.43
3/02/2025,405.3394,19.38
4/02/2025,406.7697,19.29
5/02/2025,407.6772,19.65
6/02/2025,410.1728,19.38
7/02/2025,404.1852,19.1
10/02/2025,406.6217,19.77
11/02/2025,405.8524,20.97
12/02/2025,403.4849,22.48
13/02/2025,404.9645,24.13
14/02/2025,402.8832,23.6
18/02/2025,404.0768,27.39
19/02/2025,409.1371,25.72
20/02/2025,411.3017,26.09
21/02/2025,403.4736,24.87
24/02/2025,399.3124,24.27
25/02/2025,393.2832,22.99
26/02/2025,395.092,23.52
27/02/2025,387.9755,23.09
28/02/2025,392.3837,23.73
3/03/2025,383.9824,22.74
4/03/2025,384.101,21.33
5/03/2025,396.367,20.81
6/03/2025,392.2849,20.75
7/03/2025,388.7465,20.64
10/03/2025,375.749,19.93
11/03/2025,376.0357,19.78
12/03/2025,378.823,20.68
13/03/2025,374.3752,23.7
14/03/2025,384.0516,24.05
17/03/2025,384.19,25.69
18/03/2025,379.0701,25.92
19/03/2025,383.3202,24.12
20/03/2025,382.3516,23.96
21/03/2025,386.7202,24.26
24/03/2025,388.5191,24.22
25/03/2025,390.575,24.2
26/03/2025,385.4452,23.42
27/03/2025,386.0481,23.62
28/03/2025,374.4048,22.71
31/03/2025,371.0344,22.71
1/04/2025,377.7555,22.05
2/04/2025,377.7061,21.98
3/04/2025,368.7808,22.43
4/04/2025,355.6648,19.85
7/04/2025,353.7078,19.57
8/04/2025,350.446,18.13
9/04/2025,385.9592,21.53
10/04/2025,376.9252,19.88
11/04/2025,383.9429,19.74
14/04/2025,383.3103,20.31
15/04/2025,381.2544,19.85
16/04/2025,367.2982,19.23
17/04/2025,363.5127,18.93
21/04/2025,354.9532,18.84
22/04/2025,362.5638,19.51
23/04/2025,370.046,20.59
24/04/2025,382.8062,21.49
25/04/2025,387.3034,20.05
28/04/2025,386.6214,20.51
29/04/2025,389.468,20.34
30/04/2025,390.6739,20.1
1/05/2025,420.4641,19.98
2/05/2025,430.2295,20.62
5/05/2025,431.1092,20.27
6/05/2025,428.2823,19.94
7/05/2025,428.3219,20.31
8/05/2025,433.086,21
9/05/2025,433.6394,21.42
12/05/2025,444.0473,22.18
13/05/2025,443.9287,22.56
14/05/2025,447.6846,21.52
15/05/2025,448.6946,21.55
16/05/2025,449.8235,21.66
19/05/2025,454.3784,21.38
20/05/2025,453.6853,21.27
21/05/2025,448.1401,20.69
22/05/2025,450.4077,20.55
23/05/2025,445.7735,20.05
27/05/2025,456.1806,20.55
28/05/2025,452.8832,20.37
29/05/2025,454.1903,20.25
30/05/2025,455.8538,19.55
2/06/2025,457.4481,19.74
3/06/2025,458.4383,20.29
4/06/2025,459.3295,20.25
5/06/2025,463.1022,19.99
6/06/2025,465.7758,20.06
9/06/2025,468.1226,20.48
10/06/2025,466.3105,22.08
11/06/2025,467.9938,20.68
12/06/2025,474.1826,20.77
13/06/2025,470.3109,20.14
16/06/2025,474.45,20.74
17/06/2025,473.3608,20.8
18/06/2025,475.5392,21.49
20/06/2025,472.7271,21.08
23/06/2025,481.2428,21.19
24/06/2025,485.3126,22.55
25/06/2025,487.4515,22.2
26/06/2025,492.5808,22.5
27/06/2025,491.0856,22.69
30/06/2025,492.5412,22.4
1/07/2025,487.2336,22.85
2/07/2025,486.2831,21.88
3/07/2025,493.9572,22.49
7/07/2025,492.8481,22
8/07/2025,491.7589,23.59
9/07/2025,498.5815,23.44
10/07/2025,496.5713,23.82
11/07/2025,498.3933,23.43
14/07/2025,498.0963,23.3
15/07/2025,500.8689,22.92
16/07/2025,500.6708,22.69
17/07/2025,506.6913,22.8
18/07/2025,505.0575,23.1
21/07/2025,505.0673,23.26
22/07/2025,500.3242,23.24
23/07/2025,500.9184,23.49
24/07/2025,505.8793,22.63
25/07/2025,508.6817,20.7
28/07/2025,507.4835,20.68
29/07/2025,507.5528,20.41
30/07/2025,508.2162,20.34
31/07/2025,528.2779,19.8
1/08/2025,518.9799,19.31
4/08/2025,530.397,19.5
5/08/2025,522.5842,20.19
6/08/2025,519.8018,20.41
7/08/2025,515.7419,19.77
8/08/2025,516.9301,19.95
11/08/2025,516.6628,20.65
12/08/2025,524.0596,21.81
13/08/2025,515.4844,22.22
14/08/2025,517.3657,23.86
15/08/2025,515.0784,24.56
18/08/2025,512.0384,23.66
19/08/2025,504.7802,25.31
20/08/2025,500.7698,23.54
21/08/2025,500.1251,23.5
22/08/2025,503.0908,24.8
25/08/2025,500.145,24.55
26/08/2025,497.9431,24.35
27/08/2025,502.6047,24.85
28/08/2025,505.4811,24.93
29/08/2025,502.5551,24.35
2/09/2025,500.9979,24.21
3/09/2025,501.2261,24
4/09/2025,503.8247,24.61
5/09/2025,490.9605,24.49
8/09/2025,494.1344,24.48
9/09/2025,494.3427,24.44
10/09/2025,496.2867,24.77
11/09/2025,496.9215,24.61
12/09/2025,505.739,24.08
15/09/2025,511.1544,24.77
16/09/2025,504.886,25.27
17/09/2025,505.858,24.9
18/09/2025,504.3008,30.57
19/09/2025,513.7034,29.58
22/09/2025,510.2518,28.76
23/09/2025,505.0745,29.34
24/09/2025,505.9869,31.22
25/09/2025,502.8924,33.99
26/09/2025,507.2862,35.5
29/09/2025,510.4005,34.48
30/09/2025,513.7233,33.55
1/10/2025,515.4689,35.94
2/10/2025,511.5313,37.3
3/10/2025,513.1281,36.83
6/10/2025,524.2566,36.59
7/10/2025,519.704,37.17
8/10/2025,520.5669,37.43
9/10/2025,518.137,37.8
10/10/2025,506.7903,36.37
13/10/2025,509.8551,37.22
14/10/2025,509.379,35.63
15/10/2025,509.2401,37.15
16/10/2025,507.435,36.84
17/10/2025,509.389,37.01
20/10/2025,512.5727,38.1
21/10/2025,513.4356,38.12
22/10/2025,516.2921,36.92
23/10/2025,516.312,38.16
24/10/2025,519.337,38.28
27/10/2025,527.1826,39.54
28/10/2025,537.6464,41.53
29/10/2025,537.1307,41.34
30/10/2025,521.4695,40.16
31/10/2025,513.5844,39.99
3/11/2025,512.8107,39.5
4/11/2025,510.1328,37.03
5/11/2025,503.0213,38.38
6/11/2025,493.0434,37.24
7/11/2025,492.7657,38.13
10/11/2025,501.8707,38.45
11/11/2025,504.5289,37.88
12/11/2025,506.9688,37.89
13/11/2025,499.1829,35.91
14/11/2025,506.0167,35.52
17/11/2025,503.3486,34.71
18/11/2025,489.7604,34.33
19/11/2025,483.1448,35.11
20/11/2025,475.4139,33.62
21/11/2025,469.1436,34.5
24/11/2025,471.0118,35.79
25/11/2025,473.9829,35.83
26/11/2025,482.4393,36.81
28/11/2025,488.9083,40.56
1/12/2025,483.6715,40.01
2/12/2025,486.9109,43.47
3/12/2025,474.7183,43.76
4/12/2025,477.8087,40.5
5/12/2025,480.1141,41.41
8/12/2025,487.9245,40.3
9/12/2025,488.9182,40.5
10/12/2025,475.5431,40.78
11/12/2025,480.4221,39.51
12/12/2025,475.5132,37.81
15/12/2025,471.8267,37.51
16/12/2025,473.3868,37.31
17/12/2025,473.1184,36.05
18/12/2025,480.9289,36.28
19/12/2025,482.8567,36.82
22/12/2025,481.863,36.37
23/12/2025,483.7808,36.35
24/12/2025,484.9434,36.16
26/12/2025,484.6354,36.2
29/12/2025,484.0292,36.68
30/12/2025,484.4069,37.3
31/12/2025,480.5712,36.9
2/01/2026,469.9585,39.38
5/01/2026,469.8691,39.37
6/01/2026,475.4934,40.04
7/01/2026,480.4221,42.63
8/01/2026,475.0959,41.11
9/01/2026,476.2585,45.55
12/01/2026,474.1718,44.06
13/01/2026,467.7028,47.29
14/01/2026,456.484,48.72
15/01/2026,453.7812,48.32
16/01/2026,456.961,46.96
20/01/2026,451.6546,48.56
21/01/2026,441.3102,54.25
22/01/2026,448.2959,54.32
23/01/2026,463.0126,45.07
26/01/2026,467.3152,42.49
27/01/2026,477.5504,43.93
28/01/2026,478.5937,48.78
29/01/2026,430.7672,48.66
30/01/2026,427.5774,46.47
2/02/2026,420.701,48.81
3/02/2026,408.6176,49.25
4/02/2026,411.5789,48.6
5/02/2026,391.1882,48.24
6/02/2026,398.6111,50.59
9/02/2026,410.9926,50.24
10/02/2026,410.6647,47.13
11/02/2026,401.8207,48.29
12/02/2026,399.3067,46.48
13/02/2026,398.79,46.79
17/02/2026,394.3581,46.18
18/02/2026,397.0808,45.46
19/02/2026,396.8518,44.62
20/02/2026,395.6267,44.11
23/02/2026,382.9182,43.63
24/02/2026,387.43,46.12
25/02/2026,398.9831,46.88
26/02/2026,400.0986,45.46
27/02/2026,391.1548,45.61
2/03/2026,396.9414,45.5
3/03/2026,402.2997,43.1
4/03/2026,403.5646,45.58
5/03/2026,409.0224,45.95
6/03/2026,407.3094,43.42
9/03/2026,407.7576,45.58
10/03/2026,404.1223,46.78
11/03/2026,403.2458,47.98
12/03/2026,400.238,45.25
13/03/2026,393.9535,45.77
16/03/2026,398.3358,45.76
17/03/2026,397.7979,44.06
18/03/2026,390.2087,45.03
19/03/2026,387.4499,46.18
20/03/2026,380.3287,43.87
23/03/2026,381.4542,44.01
24/03/2026,371.2356,44.06
25/03/2026,369.5424,47.18
26/03/2026,364.4929,44.1
27/03/2026,355.33,43.13
30/03/2026,357.5112,41.19
31/03/2026,368.676,44.13
1/04/2026,367.8792,48.03
2/04/2026,371.9527,50.38
6/04/2026,371.375,50.78
7/04/2026,370.7874,52.91
8/04/2026,372.8192,58.95
9/04/2026,371.5643,61.72
10/04/2026,369.3731,62.38
13/04/2026,382.8186,65.18
14/04/2026,391.5233,63.81
15/04/2026,409.5603,64.94
16/04/2026,418.5638,68.5
17/04/2026,421.0836,68.5
20/04/2026,416.3826,65.7
21/04/2026,422.4481,66.26
22/04/2026,431.1727,65.27
23/04/2026,414.072,66.78
24/04/2026,422.9062,82.54
27/04/2026,423.1054,84.99
28/04/2026,427.5175,84.52
29/04/2026,422.7468,94.75
30/04/2026,406.1342,94.48
1/05/2026,412.7673,99.62
4/05/2026,411.9506,95.78
5/05/2026,409.7196,108.15
6/05/2026,412.2892,113.01
7/05/2026,419.0717,109.62
8/05/2026,413.4445,124.92
11/05/2026,410.9944,129.44
12/05/2026,406.1242,120.61
13/05/2026,403.5745,120.29
14/05/2026,407.7775,115.93
15/05/2026,420.2171,108.77
18/05/2026,421.8306,108.17
19/05/2026,415.7353,110.8
20/05/2026,419.3605,118.96
21/05/2026,418.3025,118.5
22/05/2026,417.7835,119.84
26/05/2026,415.2483,123.52
27/05/2026,411.8946,121.77
28/05/2026,426.1877,120.89
29/05/2026,449.394,114.68
1/06/2026,459.6547,109.33
2/06/2026,440.4808,107.93
3/06/2026,426.537,112.71
4/06/2026,427.2457,111.78
5/06/2026,415.8871,99.17
8/06/2026,410.9663,110.27
9/06/2026,402.652,107.92
10/06/2026,396.6133,107.04
11/06/2026,389.6066,116.96
12/06/2026,390.0058,124.57
15/06/2026,399.0089,127.86
16/06/2026,393.09,117.05
17/06/2026,378.198,121.1
18/06/2026,378.6871,133.99
22/06/2026,366.6498,140.94
23/06/2026,373.2374,132.28
24/06/2026,364.7733,131.65
25/06/2026,352.167,132.87
26/06/2026,372.2692,128.32
29/06/2026,367.8775,131.72
30/06/2026,372.3191,139.63
1/07/2026,383.558,127.02
2/07/2026,389.7563,120.35
6/07/2026,386.0133,122.2
7/07/2026,388.1094,110.39
8/07/2026,382.6197,110.24
9/07/2026,383.6378,112.54
10/07/2026,384.3764,109.84
13/07/2026,390.2553,103.12
14/07/2026,384.2067,107.76
15/07/2026,394.8866,102.99
16/07/2026,400.3463,96.98
17/07/2026,393.08,95.04
20/07/2026,401.5341,97.06
21/07/2026,397.0026,105.45
22/07/2026,389.6066,102.62
23/07/2026,380.863,100.23
24/07/2026,380.9828,92.32
27/07/2026,388.3689,91.67
28/07/2026,392.6109,86.3
29/07/2026,389.8062,81.88
30/07/2026,450.2524,91.13
31/07/2026,463.8468,90.2
3/08/2026,486.7337,91
4/08/2026,491.884,100.86
5/08/2026,486.5441,101.06
6/08/2026,498.9207,99.81
7/08/2026,499.0505,101.65
10/08/2026,505.1091,97.52
11/08/2026,502.8633,97.71
12/08/2026,491.5047,100.95
13/08/2026,495.9464,104.56
14/08/2026,494.4691,102.5
